,Home_1,Home_2,Home_3,Home_4,Home_5,Home_6,Home_7,Home_8,Home_9,Home_10,Home_11,Home_12,Home_13,Home_14,Home_15,Home_16,Home_17,Home_18,Home_19,Home_20,Home_21,Home_22,Home_23,Home_24,Home_25,Home_26,Home_27,Home_28,Home_29,Home_30,Home_31,Home_32,Home_33,Home_34,Home_35,Home_36,Home_37,Home_38,Home_39,Home_40,Home_41,Home_42,Home_43,Home_44,Home_45,Home_46,Home_47,Home_48,Home_49,Home_50,Work_1,Work_2,Work_3,Work_4,Work_5,Work_6,Work_7,Work_8,Work_9,Work_10,Work_11,Work_12,Work_13,Work_14,Work_15,Work_16,Work_17,Work_18,Work_19,Work_20,Work_21,Work_22,Work_23,Work_24,Work_25,Work_26,Work_27,Work_28,Work_29,Work_30,Work_31,Work_32,Work_33,Work_34,Work_35,Work_36,Work_37,Work_38,Work_39,Work_40,Work_41,Work_42,Work_43,Work_44,Work_45,Work_46,Work_47,Work_48,Work_49,Work_50
00:00:00,0.0004306166666666667,0.0002018,0.0002,0.011058683333333331,0.0011039333333333335,0.00042126666666666675,0.0005743833333333332,0.0005175,0.0004685,0.00015555,0.002708216666666667,0.0005868166666666667,0.008290483333333333,0.00055765,0.001068716666666667,0.0005323,0.00030000000000000003,0.008099699999999998,0.0007154833333333334,0.009539366666666665,0.0004109833333333334,0.0005129666666666668,0.00019630000000000003,0.0003398166666666667,0.00014443333333333337,0.011350483333333333,0.00040623333333333336,0.005991916666666666,0.0004888666666666668,0.0005520999999999999,0.0004781833333333333,0.00978493333333333,0.004852883333333334,0.00025121666666666666,0.009159333333333332,0.00035715000000000003,0.00036668333333333335,0.008199316666666666,0.00021078333333333332,0.0005798333333333334,0.00037775,0.0005096666666666667,0.0013087333333333334,0.005043233333333332,0.0013509166666666663,0.00021683333333333334,0.0004359333333333333,0.00023833333333333334,0.00019638333333333333,0.00053735,0.00015503333333333333,0.004033149999999999,0.0006315333333333334,0.0006770833333333334,0.0010413666666666667,0.0005967166666666668,0.012255349999999998,0.0006454,0.0043232999999999995,0.0038224166666666662,0.00058575,0.001388566666666667,0.0006739,0.0003769500000000001,0.0004148333333333333,0.008328866666666665,0.0012164166666666666,0.0011375,0.0049468333333333335,0.0038013666666666663,0.0009480666666666667,0.00027305000000000005,0.0005547666666666668,0.0003310666666666668,0.00325155,0.00052895,0.0007710833333333334,0.00031275000000000004,0.0004370833333333333,0.0005978833333333333,0.0002574666666666667,0.0008028333333333334,0.00044913333333333337,0.004610583333333334,0.0012335833333333333,0.00046833333333333335,0.0009431666666666668,0.0031915166666666665,0.0027870833333333337,0.0004163333333333334,0.0005295833333333334,0.0024971499999999996,0.0016813166666666667,0.00045155000000000005,0.00057295,0.0016110166666666668,0.0005604833333333333,0.004404033333333333,0.005785016666666667,0.004546383333333332
00:30:00,0.002699166666666666,0.00022866666666666668,0.00025270833333333335,0.0059790416666666655,0.0009002416666666667,0.0003439583333333334,0.0005065666666666666,0.0005268499999999999,0.000538475,0.00020554166666666667,0.005263841666666667,0.003877191666666665,0.004284741666666666,0.000560275,0.0006455333333333335,0.00033294166666666665,0.0003027166666666667,0.004205516666666666,0.0006966083333333334,0.005318341666666666,0.00047643333333333333,0.0006042500000000001,0.000181475,0.00031515833333333333,0.00014715833333333336,0.006447441666666666,0.0003632500000000001,0.003110958333333333,0.0004143916666666667,0.0016362999999999996,0.0003260916666666667,0.005287724999999998,0.0025513750000000003,0.00025336666666666663,0.004966874999999999,0.0002619,0.0002637916666666667,0.0044922,0.004141216666666666,0.0003995583333333333,0.0002833166666666667,0.0005826750000000001,0.0007516000000000001,0.0025706416666666657,0.0010354583333333331,0.00016225000000000001,0.0004929,0.00016975,0.000446675,0.00045998333333333334,0.00036086666666666664,0.004673316666666667,0.0005309000000000001,0.0006076166666666666,0.00468525,0.0006314666666666668,0.006400474999999999,0.0007303416666666668,0.002306083333333333,0.004171958333333333,0.0004903,0.004510749999999999,0.0006425166666666666,0.00023230000000000004,0.0003873083333333333,0.006612824999999999,0.0011230250000000002,0.002901483333333333,0.004716924999999999,0.004743124999999999,0.0008203916666666667,0.00026475,0.0005640500000000002,0.00029187500000000003,0.0034015750000000004,0.0006014083333333334,0.0010129750000000002,0.00029798333333333336,0.0004082333333333333,0.0006030416666666667,0.0005235166666666667,0.000743425,0.0005686250000000001,0.005882583333333333,0.002625441666666666,0.0003591,0.0009519583333333333,0.0017095833333333334,0.0026492500000000006,0.0004148833333333334,0.0007366166666666668,0.0013591583333333332,0.0012619166666666668,0.00043805833333333333,0.0005577416666666667,0.004332216666666666,0.0004564083333333333,0.0025428,0.0031983416666666667,0.0025682083333333325
01:00:00,0.0038811944444444436,0.0002487444444444445,0.00022278333333333335,0.00412676111111111,0.0008423944444444445,0.00032398333333333334,0.00041231111111111104,0.0007660777777777778,0.00047378888888888887,0.00022128888888888889,0.003590805555555556,0.0040027388888888875,0.0029249722222222216,0.0005029833333333334,0.0005017000000000001,0.00026269444444444447,0.0003494111111111112,0.0029925611111111107,0.0007539555555555556,0.003582316666666666,0.0005028055555555555,0.0010843777777777774,0.00016950000000000003,0.0002916722222222222,0.00019439444444444446,0.004416799999999999,0.00030865000000000005,0.002204538888888889,0.00037622222222222224,0.003865366666666666,0.00077085,0.0036146499999999988,0.0017654777777777778,0.0002706611111111111,0.0034994722222222215,0.0002449666666666667,0.00023512222222222222,0.003054055555555556,0.0033626833333333327,0.00031884444444444445,0.0003111111111111111,0.0005736833333333333,0.0005399500000000001,0.0017507888888888884,0.0012058611111111107,0.00016742222222222223,0.0004304055555555556,0.00015790000000000002,0.0031286222222222213,0.00040165,0.0004004666666666667,0.003211988888888889,0.0005373166666666668,0.0005883611111111111,0.0032534166666666666,0.0005765166666666668,0.004446566666666666,0.00083905,0.0016151666666666667,0.0028680222222222224,0.00038235000000000005,0.0035385111111111106,0.00060605,0.0003335222222222223,0.0004297888888888889,0.0046647166666666665,0.0012046055555555556,0.0031042111111111107,0.003242405555555555,0.0048973333333333325,0.0008398555555555556,0.0003098222222222222,0.0005373666666666668,0.00027235000000000003,0.003666155555555556,0.0005560055555555556,0.0008710777777777779,0.00029865,0.0003527055555555556,0.0005980055555555555,0.0005273555555555556,0.0007345444444444444,0.0005457277777777778,0.00410105,0.003816983333333332,0.0002949611111111111,0.0010431388888888888,0.001176761111111111,0.002479244444444445,0.0004335666666666667,0.0007119611111111112,0.001043338888888889,0.0014117166666666667,0.0004696055555555555,0.0005354611111111112,0.003155983333333333,0.0005592,0.0017581555555555555,0.002317405555555556,0.001824505555555555
01:30:00,0.002952558333333333,0.00021292083333333334,0.00021801250000000002,0.0032113708333333327,0.0022662875,0.00041093750000000006,0.0004564541666666666,0.0027244833333333325,0.00043033333333333335,0.00020065833333333334,0.0027264333333333335,0.0030798249999999987,0.0022381666666666665,0.0016556916666666667,0.0004291208333333334,0.0002390791666666667,0.00036922500000000004,0.002266641666666666,0.0007681041666666667,0.0027330874999999997,0.00041360416666666667,0.0027167291666666663,0.0001866791666666667,0.00027985833333333334,0.00019437500000000002,0.0033957249999999996,0.0002956791666666667,0.0016839583333333333,0.0003738916666666667,0.002921241666666666,0.002301983333333333,0.0027943208333333323,0.0013407708333333334,0.0002566958333333333,0.002680158333333333,0.00021150000000000002,0.00030244166666666667,0.0023613500000000003,0.002695591666666666,0.00026568333333333333,0.0002777708333333333,0.0004969833333333334,0.0004361791666666667,0.0013436416666666663,0.0029200208333333335,0.000146375,0.00037972083333333333,0.00017397500000000001,0.0033412499999999996,0.00042062083333333335,0.00035312083333333334,0.0024700958333333336,0.00061965,0.0005023791666666666,0.0024715416666666666,0.0006227000000000001,0.0034376958333333326,0.0008206916666666667,0.00127325,0.002229625,0.0004014666666666667,0.0027831249999999996,0.0005323166666666667,0.0003348541666666667,0.0003806666666666667,0.003558483333333333,0.0012542458333333335,0.002437583333333333,0.0024987874999999994,0.003860229166666666,0.0008180041666666667,0.0003865,0.0005400041666666668,0.00024617083333333337,0.004315587499999999,0.0005472291666666667,0.0007718041666666668,0.0003350958333333333,0.00037562500000000004,0.0005376125,0.0005257041666666667,0.0007041208333333332,0.0005261875000000001,0.00319665,0.002936324999999999,0.00032376666666666666,0.002019675,0.0009058750000000001,0.0036221333333333328,0.0004057291666666667,0.0008384125,0.0008108458333333333,0.00233455,0.000429975,0.0005335166666666667,0.0025639208333333332,0.000557,0.0013581333333333332,0.0018669333333333335,0.0014961541666666661
02:00:00,0.002930279166666666,0.00023747083333333332,0.00020897500000000002,0.0005216916666666667,0.0022142166666666665,0.00036163750000000006,0.0003406375,0.0028637999999999992,0.00039930833333333334,0.0002112625,0.0020910458333333335,0.003024783333333332,0.0002016541666666667,0.0027586458333333334,0.00018138333333333334,0.00012680833333333336,0.00036366666666666676,0.0003062458333333333,0.0007869375,0.0003895958333333334,0.0004100791666666667,0.0026218166666666662,0.0001826666666666667,0.0002921166666666667,0.0002124,0.0005893291666666663,0.0002385583333333334,0.00021375416666666677,0.000343325,0.0028359874999999996,0.002297495833333333,0.00039537083333333303,0.0001972041666666666,0.00028652083333333334,0.0004320541666666666,0.00016109583333333337,0.0003025,0.00034768750000000045,0.0027275874999999994,0.00015405416666666667,0.00023610416666666663,0.0005089416666666667,0.00016509583333333336,0.00013561250000000008,0.0027057708333333335,0.0001566,0.0002985125,0.00017827500000000004,0.003369920833333333,0.000356875,0.00034862083333333333,0.0015090250000000004,0.0005617541666666667,0.00034712916666666664,0.002294483333333333,0.0005387666666666667,0.0004350333333333331,0.0008190666666666667,0.00023130833333333354,0.0013814874999999998,0.0003203708333333334,0.002510979166666666,0.0004818625,0.00039895,0.0003519541666666667,0.0015653875,0.0016959208333333334,0.002208758333333333,0.0013899249999999993,0.0030966333333333324,0.00073375,0.00040434583333333335,0.0004943375,0.00022173333333333332,0.0046414833333333315,0.0005219041666666667,0.0006604875000000001,0.0003485708333333333,0.00036771250000000003,0.0005177000000000001,0.0005564083333333334,0.0006334333333333332,0.0005818166666666667,0.0021634333333333334,0.002666816666666666,0.00028237499999999997,0.002707545833333333,0.00013299166666666683,0.004323804166666665,0.00045442500000000005,0.0009606583333333335,0.0002917625,0.0035259291666666663,0.0003712208333333333,0.0004242791666666667,0.0023184708333333333,0.0004869125,0.000296075,0.0005048875,0.0005928249999999998
02:30:00,0.001743895833333333,0.00023191666666666665,0.00025830833333333333,0.0003997666666666667,0.0021173875,0.0003644166666666667,0.0003584625,0.002807591666666666,0.00033607916666666667,0.00016404583333333333,0.00020284583333333338,0.0012467833333333327,0.00014715833333333336,0.002654025,0.00019805833333333335,0.00016847500000000004,0.0003761875000000001,0.0002998791666666666,0.0007321291666666666,0.0001582958333333334,0.00033152083333333335,0.002470154166666666,0.00022155416666666671,0.00030281666666666666,0.00021937083333333336,0.0003034749999999997,0.00019182083333333337,0.00018125000000000012,0.00031248333333333333,0.0021864166666666664,0.002351441666666666,0.00029218333333333305,0.00015811666666666662,0.0002733375,0.0003197208333333333,0.00019949583333333338,0.00032893749999999997,0.00022500000000000043,0.0007846666666666666,0.00015084583333333337,0.0002499833333333333,0.0004644541666666667,0.00014183750000000003,0.00016387083333333342,0.0025595458333333336,0.00022277083333333334,0.00018604583333333338,0.00018910000000000002,0.0032164875,0.0011195583333333333,0.0002347166666666667,0.00026812916666666694,0.0006762875000000001,0.00022784166666666664,0.00022886249999999963,0.0004874625000000001,0.0003655083333333331,0.0007932,0.00032874166666666693,0.00027867083333333323,0.0003327666666666667,0.0006697875,0.0004589125000000001,0.0004889375,0.00042405833333333337,0.0005684625000000003,0.0032279499999999994,0.001132220833333333,0.000372820833333333,0.0017576166666666661,0.0006518125,0.00048207083333333335,0.0003871125,0.00022512083333333331,0.003871599999999998,0.00044788333333333337,0.0004981250000000001,0.00039301666666666663,0.0002936791666666667,0.0004249916666666667,0.0005322416666666668,0.0005457583333333333,0.0005002250000000001,0.0004969958333333336,0.0017266333333333331,0.00047175833333333334,0.002543691666666666,0.00010799166666666682,0.0038616999999999987,0.00044550416666666674,0.0009632000000000001,0.00033227083333333334,0.0033921166666666665,0.0003234083333333333,0.000321975,0.000632891666666667,0.00046271666666666665,0.00016062083333333332,0.0004193291666666667,0.0005605583333333332
03:00:00,0.00022838333333333343,0.00023468749999999998,0.00027034583333333334,0.00037198750000000006,0.0020266791666666666,0.00042342083333333336,0.0003735708333333333,0.0025798541666666656,0.00028658333333333335,0.00016751249999999999,0.00021801250000000002,0.0002119999999999996,0.00016412500000000002,0.0026652583333333334,0.00022785833333333332,0.00024070000000000005,0.00031280416666666676,0.0002012416666666666,0.0009831541666666666,0.0001668375000000001,0.0003189958333333333,0.0019784374999999997,0.0002754166666666667,0.00029731666666666664,0.00018462500000000003,0.0002712999999999997,0.0003107083333333334,0.00014998750000000014,0.00028338333333333333,0.00015505416666666656,0.001980791666666666,0.00026252916666666637,0.00019580416666666663,0.0002722541666666667,0.00022714166666666665,0.00020135000000000007,0.00034364166666666664,0.00023192083333333375,0.00045866249999999993,0.0001673166666666667,0.00021941249999999995,0.00038674166666666666,0.00017515000000000003,0.0002060083333333334,0.0022089875,0.00024505416666666666,0.00012930000000000005,0.00024070833333333333,0.0011572458333333337,0.0027522874999999997,0.00019812500000000006,0.00023055416666666696,0.0007286208333333334,0.00010426666666666664,0.00022031666666666628,0.0004569750000000001,0.0004169291666666664,0.0006985833333333333,0.00035510000000000023,0.0002469624999999999,0.0003608125,0.00034072083333333336,0.0005357875,0.0004717583333333333,0.00031481250000000004,0.000526329166666667,0.0030062916666666662,0.0002881333333333333,0.00044204583333333296,0.0006187124999999996,0.0005576458333333334,0.0005292875,0.0003439166666666667,0.00024230833333333332,0.0029176416666666645,0.00044592083333333337,0.0004346375000000001,0.0003931666666666666,0.00028603750000000006,0.000425225,0.0005476541666666668,0.0004400041666666667,0.0004669000000000001,0.0005457750000000003,0.00024050416666666707,0.000586175,0.0023636999999999994,0.00013299166666666683,0.003397762499999999,0.0004664250000000001,0.0009647541666666668,0.0003148875,0.003108104166666666,0.0002680291666666666,0.0002186916666666667,0.00047058750000000035,0.0004215125,0.00023561666666666668,0.00038561666666666667,0.0006234958333333333
03:30:00,0.00023117083333333346,0.000233325,0.00029163750000000003,0.00031180000000000004,0.0004664333333333335,0.0003907666666666667,0.00033467916666666663,0.0004854749999999998,0.00028937083333333333,0.00021751666666666665,0.00030129583333333336,0.00020644583333333296,0.0001833375,0.0014266208333333333,0.00022043333333333332,0.0003014625,0.00024452083333333346,0.0002234666666666666,0.0024561624999999993,0.0001579583333333334,0.0004463416666666666,0.00012479583333333314,0.0003408625,0.00030426666666666667,0.00014715833333333336,0.00031855833333333303,0.00032747083333333344,0.00016665000000000015,0.0001999958333333333,0.0001467249999999999,0.00029719999999999974,0.00024585833333333305,0.0002435708333333333,0.0003102625,0.00022158333333333332,0.00023882500000000007,0.0002925333333333333,0.0002166666666666671,0.00032651249999999995,0.00016298333333333338,0.00020284999999999997,0.0004130041666666667,0.0002870041666666667,0.0003069375000000001,0.0002294666666666663,0.00028812916666666667,7.794166666666671e-05,0.00029648749999999996,0.000185579166666667,0.0026667541666666665,0.00023815833333333338,0.0002347750000000003,0.00063325,0.0001225958333333333,0.00026681249999999963,0.0004223041666666667,0.0004280374999999997,0.0005749583333333334,0.0003960833333333336,0.0002655749999999999,0.0003410291666666667,0.00028501666666666666,0.0006589708333333333,0.0004939499999999999,0.00032454166666666666,0.0006216708333333337,0.0027421958333333327,0.00025369999999999993,0.0005473416666666663,0.000562095833333333,0.0004407958333333334,0.0004515083333333333,0.0003263333333333333,0.00028324166666666664,0.0014450416666666657,0.0003737916666666667,0.0005655791666666668,0.0004070458333333333,0.0002846333333333334,0.00040152916666666666,0.0005876166666666668,0.0003328625000000001,0.00047036666666666675,0.000563879166666667,0.00019605416666666704,0.0006802583333333334,0.0012347041666666662,0.0001735708333333335,0.0017642666666666663,0.00047835000000000005,0.0009422833333333335,0.0003655708333333333,0.0019040374999999997,0.00022813333333333329,0.00010357083333333334,0.0004021000000000004,0.00033804999999999995,0.00026275833333333336,0.00040401666666666663,0.0006227874999999999
04:00:00,0.00016583333333333345,0.00022635,0.0003020375,0.0002631708333333334,0.0003786208333333335,0.00045009583333333335,0.0004041125,0.00028758749999999975,0.0002452833333333334,0.0002671208333333333,0.0003415375,0.00013144583333333295,0.000232175,0.0002749916666666668,0.00026047916666666667,0.0003560916666666667,0.0002486666666666668,0.0001783333333333333,0.0023098208333333327,0.00020097916666666674,0.00046304999999999995,0.0001424249999999998,0.0005069,0.0004591458333333333,0.00010480833333333336,0.00034077499999999965,0.0005193500000000001,0.0002194916666666668,0.00014286666666666665,0.00012450416666666658,0.00024187499999999974,0.0002763499999999997,0.00024057499999999998,0.0002668708333333333,0.00020485,0.0002554916666666667,0.00027024583333333334,0.00023882500000000042,0.00031817499999999997,0.00017965000000000003,0.0001720333333333333,0.00035973750000000006,0.0003431208333333333,0.0004145791666666668,0.0001778999999999996,0.00035908749999999997,0.00012107916666666673,0.0003231958333333333,0.00021101250000000034,0.002710041666666666,0.00030270416666666674,0.00024170000000000032,0.00066435,0.00013879999999999996,0.00023936249999999962,0.0004857708333333334,0.0004826041666666664,0.0005435583333333333,0.0004435000000000002,0.00020391666666666656,0.00037246250000000006,0.00038267500000000007,0.0007414791666666667,0.0004535791666666666,0.000345325,0.0007455833333333337,0.002169516666666666,0.00026268749999999995,0.0006198833333333329,0.0005045166666666663,0.00043097083333333347,0.00045135,0.00040319583333333335,0.0002910708333333333,0.0003806624999999994,0.0004294083333333334,0.0006244000000000001,0.00042294999999999995,0.0002659791666666667,0.00036175833333333327,0.0006120458333333334,0.00027761250000000006,0.0005063125000000001,0.0006115000000000003,0.00023908333333333371,0.0007448875,0.00037448749999999985,0.00024030000000000015,0.0005767916666666664,0.0003977875000000001,0.0008962125000000002,0.00033936666666666666,0.0003442291666666666,0.00024175416666666664,0.00010846250000000001,0.00035796250000000036,0.00039182916666666664,0.00030640833333333336,0.000535125,0.0005874375
04:30:00,0.00018257916666666678,0.00022513333333333335,0.00023478333333333334,0.00022272500000000006,0.00042229583333333354,0.0004778625,0.0004123625,0.00029109999999999976,0.00019806666666666672,0.0003182833333333333,0.0003526541666666667,0.0001599124999999996,0.00033559583333333333,0.00034302916666666675,0.0002687666666666666,0.0003627333333333334,0.00021812083333333347,0.00013262916666666663,0.002256516666666666,0.00023294166666666677,0.0005078208333333333,0.00018408333333333314,0.0005541125,0.00039584583333333336,7.250416666666668e-05,0.00030269999999999966,0.0006486541666666668,0.0002403041666666668,0.00010097916666666664,0.0001189499999999999,0.00020004999999999977,0.00020412499999999972,0.00030325416666666667,0.00027728333333333334,0.00013746666666666666,0.00022542500000000002,0.0002399,0.0002485750000000004,0.0003182458333333333,0.00015581250000000003,0.0001350083333333333,0.0003544583333333334,0.00040536666666666664,0.00044550000000000015,0.00016540833333333294,0.00029094999999999994,0.0001079458333333334,0.0004094958333333333,0.00025686250000000034,0.001962820833333333,0.0003752083333333334,0.00017682916666666697,0.0005809208333333333,0.0001992208333333333,0.00038532916666666626,0.00044956250000000004,0.0005255041666666664,0.00045751666666666663,0.0004025416666666668,0.00023190833333333323,0.00031380416666666673,0.0004056666666666667,0.0007042583333333333,0.0004451999999999999,0.00024438333333333336,0.0006741875000000003,0.0004931416666666665,0.00025785416666666665,0.0006428333333333329,0.000535845833333333,0.00044406666666666676,0.00045657499999999997,0.0005072791666666667,0.00028830416666666666,0.00033954583333333275,0.00043549166666666673,0.0005572458333333334,0.0003882541666666666,0.0003132958333333334,0.0004143124999999999,0.00050425,0.00025029583333333337,0.0004913291666666668,0.0006561750000000003,0.00023458750000000038,0.0006146499999999999,0.0003901208333333332,0.0003056208333333335,0.0005134999999999997,0.0004408250000000001,0.0007816041666666669,0.00033522916666666667,0.00035225416666666667,0.0002513458333333333,0.00010715416666666667,0.00045001250000000046,0.00045336249999999997,0.0003659208333333333,0.0005479541666666667,0.0005714291666666666
05:00:00,0.0002308541666666668,0.00019377083333333334,0.0002725541666666667,0.00021830416666666674,0.0004001041666666668,0.0004680041666666667,0.00046415,0.0002772916666666664,0.00023305416666666672,0.00039096249999999997,0.0003263041666666667,0.00016286666666666627,0.00035284583333333334,0.0002800125000000001,0.00021745416666666664,0.00034076666666666675,0.00023465833333333349,0.00014018749999999996,0.0018906708333333328,0.0002882708333333334,0.0005448541666666667,0.0002447749999999998,0.0006457666666666666,0.0004285041666666667,0.00010569583333333337,0.00031337916666666633,0.0006306916666666667,0.00023752083333333345,8.640416666666663e-05,0.00012555416666666655,0.00021114166666666645,0.00021557083333333306,0.000273825,0.0002881541666666667,0.00012673333333333331,0.0002838166666666667,0.00024594583333333335,0.0002861833333333337,0.00029135,0.00014165000000000003,0.0001167333333333333,0.0003573958333333334,0.0004490458333333333,0.0005311208333333335,0.0002012249999999996,0.0003166708333333333,0.00013805416666666672,0.0005114791666666666,0.0002679958333333337,0.00031331249999999973,0.0004927916666666668,0.00016478333333333364,0.0005047333333333333,0.00024718749999999996,0.000461170833333333,0.0005267583333333334,0.0004602833333333331,0.00046392083333333337,0.0004094166666666668,0.00026531249999999987,0.0007550250000000001,0.00047801250000000005,0.0006827375,0.0011853083333333333,0.00031023750000000005,0.0008051500000000004,0.0004659624999999999,0.0003208833333333333,0.000754558333333333,0.0005424791666666664,0.0006186416666666668,0.0003858,0.0019173458333333333,0.0002941708333333333,0.0003913208333333327,0.00040522500000000005,0.0006046208333333334,0.0003624083333333333,0.00034429166666666674,0.000356,0.0005442583333333334,0.0010399250000000001,0.0005057125000000001,0.0006334125000000003,0.0002100708333333337,0.0005558833333333332,0.0002989583333333332,0.00036388750000000014,0.0006498416666666664,0.0003515000000000001,0.0009122875000000003,0.00029915000000000003,0.00026705833333333335,0.00026830833333333335,0.00018134583333333335,0.0006021750000000005,0.0003593291666666666,0.0003580583333333333,0.0006554666666666667,0.0006296708333333333
05:30:00,0.0002536041666666668,0.00027524166666666666,0.00024858333333333335,0.0002546458333333334,0.0004620125000000001,0.00043747916666666664,0.0004650416666666666,0.0002607208333333331,0.0002518583333333334,0.00041224999999999996,0.0002763583333333334,0.00011785416666666627,0.0003588791666666667,0.00029300000000000013,0.0002359208333333333,0.00030509583333333346,0.0002370416666666668,0.0001239666666666666,0.0002836541666666666,0.00028898750000000005,0.0004595375,0.0002572041666666665,0.0006881624999999999,0.0004203666666666667,0.00012477500000000004,0.00022717083333333298,0.0006731583333333334,0.00026462083333333346,0.00012123333333333329,0.00020922916666666654,0.0002574166666666665,0.00021589999999999972,0.0002515458333333334,0.0002812375,0.00015552083333333333,0.00025138333333333336,0.000216225,0.0003570083333333337,0.0003693666666666667,0.00017739583333333336,0.00014594166666666663,0.00035632500000000006,0.0003886916666666667,0.0005496250000000002,0.00019619999999999956,0.0003372874999999999,0.0001757041666666667,0.0005674208333333332,0.00030823750000000033,0.00034352083333333305,0.0012854375000000001,0.00014138333333333364,0.0004614333333333333,0.00023402083333333331,0.0004938916666666663,0.00046099583333333334,0.0003984791666666664,0.0005997458333333334,0.0004146875000000002,0.00024279999999999986,0.0013142625000000002,0.0005393666666666667,0.0005805833333333332,0.0024606999999999997,0.00029337916666666677,0.0007727083333333337,0.00046817916666666657,0.00031210833333333333,0.0007643083333333329,0.0006505458333333331,0.0007552625000000001,0.00039776249999999997,0.002347725,0.000286325,0.000392491666666666,0.0004276125000000001,0.00042856666666666666,0.00036354166666666664,0.0004018250000000001,0.00036911666666666665,0.0005050291666666667,0.0021129041666666662,0.0005789041666666669,0.0006876833333333336,0.00023872916666666704,0.0005476749999999999,0.00023824166666666654,0.0004998208333333334,0.0007606416666666665,0.00043877916666666683,0.0008359041666666668,0.0003886,0.0002982916666666667,0.000583225,0.00027402083333333336,0.0005997291666666671,0.0003440083333333333,0.00033782499999999993,0.0007523458333333334,0.0007456166666666666
06:00:00,0.0004851291666666668,0.0002633791666666667,0.0003393125,0.0003126500000000001,0.0004257208333333334,0.000362325,0.000505175,0.0002975333333333331,0.0008712541666666666,0.0003660333333333333,0.0002845083333333334,0.00013969166666666626,0.0003600125,0.00033952500000000013,0.0003142708333333333,0.0003669875000000001,0.0002563666666666668,0.00013460416666666658,0.0003404416666666666,0.0002866375000000001,0.0005023958333333333,0.00026958749999999985,0.0006928583333333332,0.0002891541666666667,0.00025009583333333337,0.00022523749999999967,0.0005625041666666667,0.00027125833333333345,0.00015011666666666664,0.00024022499999999984,0.00029118333333333314,0.00021187499999999977,0.00022215,0.0003811958333333333,0.00017571666666666666,0.00035000000000000005,0.00022674583333333337,0.0003718083333333337,0.00039348333333333335,0.00020107500000000005,0.000209975,0.00034865416666666674,0.0003205791666666667,0.0004470666666666669,0.00023947083333333288,0.0003532666666666666,0.0002232041666666667,0.0007671916666666665,0.00027081250000000033,0.00031252499999999975,0.002124116666666667,0.00013585416666666696,0.0012207166666666665,0.0006577916666666667,0.0006197166666666663,0.0005878083333333334,0.00047047083333333307,0.0009079083333333334,0.0006195958333333336,0.0003252958333333332,0.0014477125000000003,0.0005561333333333334,0.0007256166666666664,0.0028957958333333334,0.0005283458333333335,0.0009794208333333337,0.0004819124999999999,0.00036388333333333333,0.001018895833333333,0.0008403416666666664,0.0011541000000000001,0.0007597541666666664,0.0035023791666666665,0.0003609583333333333,0.0005517874999999994,0.00037399166666666675,0.0005831625,0.0003235333333333333,0.001925875,0.0003635833333333333,0.0005544708333333334,0.0027099624999999995,0.0005963083333333335,0.0009196083333333337,0.0002694875000000004,0.0016114249999999999,0.00029024583333333323,0.0005279666666666667,0.0007945916666666664,0.0005575083333333334,0.0012201333333333336,0.00047515,0.00042902083333333334,0.0014626374999999999,0.0005773166666666668,0.0006282333333333338,0.0004046125,0.0004267041666666666,0.0007354250000000001,0.0007334749999999999
06:30:00,0.0005551125000000001,0.00026962916666666665,0.0005634666666666666,0.0003835791666666667,0.00045706666666666675,0.0004318583333333333,0.0005022708333333333,0.00036753333333333307,0.0032521416666666664,0.00051505,0.0003649583333333334,0.00022697083333333295,0.000501275,0.0003110375000000001,0.0005032833333333334,0.0003555916666666668,0.0010568666666666668,0.0002653791666666666,0.0004889791666666666,0.00028782500000000007,0.0007048291666666667,0.0003175833333333332,0.0007080458333333332,0.0003834666666666667,0.0015123124999999996,0.000276658333333333,0.0005717875000000001,0.0004014666666666668,0.0002642625,0.0003442083333333332,0.0003087374999999998,0.00034690416666666645,0.00029303749999999996,0.0006537749999999999,0.0003347541666666666,0.0004485833333333334,0.00035408333333333337,0.0003915958333333337,0.00045378333333333335,0.0003541083333333334,0.00040264166666666666,0.00041692500000000006,0.0004505125000000001,0.0005517166666666669,0.0003028499999999996,0.0004338,0.00035730833333333335,0.003032316666666666,0.0003133125000000003,0.00029036666666666644,0.002787475,0.00027890416666666697,0.0026268374999999997,0.002230258333333333,0.0010561833333333332,0.0017313541666666666,0.0007922458333333331,0.0023575166666666664,0.001114229166666667,0.0005078416666666664,0.0017663583333333336,0.0007250083333333335,0.001970520833333333,0.004366558333333333,0.002539116666666667,0.0015958333333333337,0.0008960833333333333,0.0005361458333333334,0.0020087291666666665,0.0015905916666666665,0.003221041666666667,0.001345170833333333,0.004997870833333333,0.0019441374999999996,0.0010888874999999993,0.0003703875000000001,0.0011894375,0.000388825,0.00256855,0.0005725458333333334,0.0011836666666666666,0.003506045833333333,0.001227141666666667,0.0014990000000000003,0.0003178333333333337,0.002479283333333333,0.0005254041666666665,0.0006137250000000001,0.0013690708333333331,0.0006648250000000001,0.004143975000000001,0.0016154249999999998,0.0006318666666666667,0.0020577125,0.0022826166666666666,0.0007744583333333337,0.0005903416666666666,0.0005088749999999999,0.0015858208333333333,0.003380533333333333
07:00:00,0.0007257875000000002,0.0004229749999999999,0.0006749833333333333,0.0006603333333333333,0.0006691583333333334,0.0005868916666666667,0.002211395833333333,0.0005204874999999998,0.0058464499999999996,0.003100958333333333,0.0005155625000000001,0.0003141041666666663,0.0005416041666666667,0.0005279625,0.0008689125000000002,0.0005458041666666668,0.0038261458333333333,0.0005106999999999999,0.0005750541666666667,0.0029569625,0.0029872166666666663,0.0004075958333333332,0.0020595374999999995,0.002771258333333333,0.003733658333333333,0.0004359666666666664,0.0014029749999999999,0.0006454541666666667,0.00040731666666666666,0.00040422499999999986,0.0004152791666666664,0.0005534333333333331,0.0006590916666666665,0.0008181583333333332,0.00046903333333333326,0.000676725,0.0004430083333333334,0.0005623458333333337,0.0006143875,0.0005104833333333334,0.0005457291666666667,0.0006853083333333335,0.0006062916666666668,0.0006081666666666669,0.00044551249999999964,0.0006174583333333332,0.0004716375000000001,0.005265495833333332,0.00040651666666666696,0.00034439999999999975,0.003425791666666667,0.000515879166666667,0.003923474999999999,0.0032550708333333326,0.0014278458333333332,0.0036907541666666667,0.0010451624999999998,0.004530066666666666,0.0016208875000000003,0.002553770833333333,0.0017121416666666669,0.0008826708333333334,0.0032882166666666664,0.0036449333333333327,0.003762070833333333,0.0023042500000000003,0.001447075,0.0006713208333333334,0.005153666666666667,0.002370008333333333,0.007804295833333334,0.001348595833333333,0.0035405541666666657,0.00270165,0.0015420208333333327,0.0006989208333333333,0.003275170833333333,0.0005182291666666666,0.0031050375000000003,0.0020173874999999996,0.0029833666666666666,0.0040931249999999995,0.0021149666666666666,0.0027401541666666664,0.0005347833333333337,0.003283274999999999,0.001484295833333333,0.0015917791666666663,0.0021124499999999997,0.0028983833333333336,0.009298670833333335,0.0024894249999999995,0.0009719708333333333,0.0030193083333333332,0.003979291666666667,0.0011235250000000002,0.001840916666666667,0.0006855333333333333,0.0030542999999999994,0.005449991666666666
07:30:00,0.0009043958333333334,0.0025789666666666666,0.0014744166666666664,0.00071325,0.00090285,0.0006874750000000001,0.005103158333333333,0.002604679166666666,0.006134104166666666,0.005572958333333333,0.0006560750000000001,0.0006305499999999997,0.0007331041666666666,0.0007455791666666667,0.0034740291666666666,0.0006678250000000001,0.005605958333333333,0.0035666791666666667,0.0006643458333333333,0.0055435499999999995,0.0057652625,0.0006146708333333332,0.0048463625,0.004848595833333333,0.005190316666666667,0.0006688374999999998,0.0038592916666666667,0.0008151125000000001,0.0020496749999999995,0.0006669874999999999,0.00047019166666666644,0.0008005666666666665,0.003188833333333333,0.0011186125,0.000612975,0.0037380625,0.0015639541666666668,0.0016364916666666667,0.0007029791666666667,0.0008264000000000001,0.0006801916666666667,0.0020886208333333336,0.0007272125,0.0007136291666666669,0.000603820833333333,0.0007581416666666665,0.0013783166666666668,0.005311941666666665,0.0006052458333333337,0.0018536166666666665,0.004050229166666667,0.0006584000000000004,0.006403633333333333,0.004522137499999999,0.0019290624999999998,0.006131383333333334,0.0010403041666666665,0.004398679166666665,0.002277045833333334,0.0037625083333333326,0.0014466291666666669,0.0015322208333333333,0.004228966666666666,0.0023070791666666662,0.004529820833333333,0.003241875,0.0022447625,0.0014201083333333334,0.005110183333333333,0.004231412499999999,0.010471279166666667,0.0013165249999999996,0.003065774999999999,0.0026405416666666665,0.0024622833333333327,0.0008799708333333334,0.005993787499999998,0.0005483083333333333,0.004839591666666666,0.0029209791666666663,0.004486554166666667,0.003073370833333333,0.0025335041666666664,0.005073733333333333,0.0007515000000000004,0.0051918416666666654,0.0027165749999999993,0.0020689624999999994,0.002941920833333333,0.0031828,0.011743050000000001,0.003766266666666666,0.0013246208333333332,0.0033024708333333334,0.004083795833333333,0.0025223541666666667,0.00364625,0.0026356749999999997,0.005269316666666666,0.007101079166666666
08:00:00,0.0016891666666666663,0.005249124999999999,0.003954637499999999,0.0012786124999999999,0.0010425208333333332,0.002178841666666667,0.005679954166666667,0.005223379166666665,0.005686262499999999,0.005908187499999999,0.0019681624999999996,0.001786633333333332,0.0018692458333333332,0.0008586125000000001,0.005595874999999999,0.0008291458333333335,0.005767166666666665,0.005987870833333334,0.0007567708333333334,0.005976924999999999,0.0061368874999999995,0.0008166708333333331,0.006345220833333333,0.005181125,0.005336879166666667,0.0008457541666666664,0.005486266666666666,0.0012294583333333333,0.004698079166666666,0.0009862791666666666,0.0005249833333333331,0.0032192124999999997,0.005616024999999999,0.0035929416666666664,0.003253970833333333,0.0059647,0.004440120833333333,0.0035567958333333326,0.0021374,0.0009617458333333334,0.0022088374999999997,0.004704158333333333,0.002832554166666666,0.0027156625000000004,0.0028185208333333326,0.0025353791666666656,0.004621445833333334,0.005292541666666665,0.0006730625000000003,0.004513633333333333,0.0040135875000000005,0.0020264875,0.005762641666666666,0.0041375791666666654,0.0024392,0.008322075,0.0009275666666666665,0.004073291666666665,0.002958441666666667,0.004600899999999999,0.001570679166666667,0.0035102708333333327,0.005350520833333332,0.001795683333333333,0.005996870833333333,0.005156454166666666,0.00284245,0.003070008333333333,0.0047663083333333335,0.005330437499999999,0.010082266666666668,0.0008963583333333331,0.0017828958333333323,0.00249975,0.0028618624999999995,0.0008488333333333334,0.007911570833333331,0.0018269625,0.003395279166666666,0.004459204166666666,0.006320833333333333,0.0025050041666666665,0.0023955666666666663,0.0065918083333333325,0.0015278083333333334,0.004071949999999999,0.0026316791666666658,0.0022605999999999993,0.0032993374999999996,0.0030335166666666667,0.011254870833333335,0.0047651291666666665,0.0014896208333333332,0.004279354166666667,0.0037557291666666663,0.0033088333333333338,0.004761620833333334,0.0045785875,0.005317158333333332,0.0080542
08:30:00,0.004273674999999999,0.005647016666666666,0.005867258333333332,0.003598591666666666,0.001000375,0.005151270833333334,0.005921491666666666,0.005429562499999999,0.0035155291666666656,0.005845691666666666,0.0046530416666666664,0.005029483333333332,0.004933908333333333,0.0009579291666666667,0.005701291666666666,0.0028674541666666668,0.005120837499999999,0.0062140833333333345,0.0006817458333333334,0.006157554166666666,0.0060153624999999995,0.0009031291666666665,0.006615020833333333,0.005304154166666667,0.0043515083333333345,0.000938070833333333,0.005638375,0.004086174999999999,0.005600424999999999,0.0037289124999999998,0.002226766666666666,0.005564349999999999,0.005674449999999999,0.0056148,0.005565029166666666,0.006229933333333333,0.005875562500000001,0.004608258333333332,0.004427858333333333,0.0018730958333333333,0.005501633333333334,0.0055489125,0.005461016666666665,0.004851983333333333,0.006017341666666665,0.005368404166666665,0.006528908333333333,0.003132749999999999,0.0006065208333333336,0.005612458333333333,0.005470933333333334,0.0030607041666666666,0.004287291666666666,0.002531104166666666,0.002536858333333333,0.007422608333333333,0.0005543499999999998,0.0025734333333333323,0.004735949999999999,0.004517654166666665,0.0022117875000000004,0.0038020083333333327,0.004054666666666666,0.00022139999999999985,0.004316229166666667,0.004817666666666666,0.0044902,0.0029977541666666666,0.0037044250000000003,0.0045777625,0.008077637500000002,0.0001638791666666667,0.00014721249999999917,0.0008527791666666669,0.0028857041666666664,0.0008241250000000001,0.010188229166666663,0.002914425,0.002712249999999999,0.005982295833333332,0.0070843416666666655,0.001694570833333333,0.0017309416666666663,0.005966374999999999,0.002644795833333333,0.003175524999999999,0.0023045541666666656,0.0033276083333333324,0.003912404166666666,0.0028303875000000004,0.008276620833333335,0.0036805333333333337,0.0035551291666666655,0.003720558333333334,0.0020184083333333333,0.0030626833333333337,0.0058519125000000005,0.005109116666666667,0.004442129166666665,0.0069730625
09:00:00,0.005889112499999999,0.005681004166666666,0.005878441666666665,0.005521808333333333,0.0010525916666666668,0.005988370833333334,0.004325775,0.005380670833333332,0.0009629874999999992,0.0033254499999999998,0.006330154166666666,0.006393858333333331,0.005946929166666666,0.0008543375000000001,0.0055195999999999995,0.004752679166666666,0.002567058333333333,0.006255133333333334,0.0006424666666666667,0.003688337499999999,0.003752608333333333,0.0009316999999999998,0.005278825,0.002977316666666667,0.0023682541666666676,0.0009695874999999997,0.004782675000000001,0.006271516666666666,0.005596054166666665,0.006620291666666667,0.004867991666666666,0.006050616666666665,0.0056682124999999995,0.005530595833333333,0.005591599999999999,0.006128633333333334,0.0058389625,0.004807649999999998,0.005703704166666666,0.004391329166666666,0.006790675,0.005384008333333333,0.005987174999999999,0.005694120833333333,0.0060910374999999985,0.005780824999999998,0.0065822499999999996,0.0011484249999999991,0.0012623625,0.005696049999999999,0.005623500000000001,0.0028225416666666668,0.0028908583333333323,0.0014583249999999992,0.004623208333333332,0.005327620833333333,0.0001805458333333331,0.0002249791666666663,0.004306837499999999,0.0025267416666666653,0.0028279625000000004,0.0036180624999999993,0.002576112499999999,8.610416666666651e-05,0.003082970833333334,0.0038560708333333325,0.0038599916666666664,0.0028034874999999996,0.0003051958333333336,0.003670845833333333,0.0032220541666666686,8.402083333333337e-05,0.00011665833333333249,1.3887500000000141e-05,0.0034740874999999996,0.00043282083333333343,0.008974674999999998,0.0027634958333333333,0.002105883333333332,0.0045624291666666655,0.005192679166666666,0.00025830833333333306,0.0007648499999999998,0.004675808333333332,0.002444025,0.0023061541666666656,0.0013104416666666657,0.0023937041666666657,0.003058633333333333,0.0005613875000000003,0.0028240250000000017,0.0027709625000000002,0.003330112499999999,0.0027679000000000007,0.00022809999999999996,0.002564079166666667,0.0046111125,0.0048792125,0.0028304166666666655,0.0066357625000000005
09:30:00,0.005852649999999999,0.003571137499999999,0.005195804166666666,0.00550395,0.0027572749999999996,0.006145466666666667,0.0015489291666666665,0.003345037499999999,0.0008801374999999992,0.000888108333333333,0.006272554166666666,0.006180695833333331,0.005837470833333333,0.0007639833333333335,0.003159475,0.004806370833333332,0.0008266041666666667,0.0034903833333333346,0.0005424125000000001,0.0012920083333333332,0.001141804166666666,0.0018293541666666662,0.002508370833333333,0.0010542166666666676,0.0014155166666666677,0.0033696541666666654,0.002599800000000001,0.006167441666666666,0.004274691666666666,0.006592616666666667,0.005941841666666666,0.005905466666666665,0.0033565791666666663,0.00558655,0.005682770833333332,0.0031788125,0.005021291666666667,0.003988829166666666,0.0056830625,0.006042291666666665,0.006784804166666667,0.004122483333333333,0.005888349999999999,0.0058870375,0.006189470833333332,0.005869674999999998,0.005804416666666667,0.001139024999999999,0.0035802250000000002,0.004228841666666666,0.004174487500000001,0.0026582333333333335,0.000332708333333332,0.00012498749999999932,0.004117537499999998,0.0027971124999999993,0.00013332916666666645,0.00015276249999999965,0.0036649916666666657,0.0012743166666666658,0.002494870833333334,0.002889170833333333,0.0015365541666666658,4.166249999999985e-05,0.0023001333333333342,0.0028233749999999995,0.0029912124999999998,0.0019884833333333332,0.00016665000000000028,0.0015985375,0.00034718750000000244,2.7775000000000045e-05,4.166249999999916e-05,1.4230153513872246e-19,0.004299583333333333,0.00017777083333333338,0.006293774999999999,0.0026628458333333334,0.00020410416666666602,0.003663637499999999,0.0036280083333333326,0.00015901249999999972,0.0001527624999999997,0.0022184374999999995,0.0022528375,0.0002091666666666661,3.0554166666666056e-05,0.0017583666666666656,0.002044708333333333,9.721250000000039e-05,0.0001740583333333357,0.0013256458333333336,0.0029300833333333323,0.0022013875000000006,1.4120833333333308e-05,0.0010392500000000005,0.0028225125000000003,0.0028993125,0.00038512916666666545,0.0062340458333333335
10:00:00,0.004955141666666667,0.0009992791666666666,0.002740641666666666,0.005036404166666666,0.0051973374999999995,0.004836483333333333,0.0010214583333333332,0.0007223166666666659,0.0008387291666666659,0.0007227416666666665,0.004977375,0.0052018249999999985,0.0048106625,0.0021138500000000005,0.0012263041666666676,0.004931741666666665,0.0007441041666666667,0.0013316125000000009,0.0005512791666666667,0.0011537125,0.0008027749999999993,0.004922312499999999,0.0009578916666666664,0.0007930166666666676,0.0014438291666666677,0.004955912499999999,0.0010590625000000014,0.005822716666666667,0.0018261125,0.006289029166666667,0.005969387499999999,0.003562699999999999,0.0009496958333333335,0.0030883625,0.0033096958333333325,0.0011198458333333337,0.0022934333333333337,0.002172625,0.004505675,0.006018424999999998,0.0053296333333333334,0.0015668749999999997,0.003851483333333333,0.004018575,0.0040967124999999995,0.004170524999999999,0.0025175208333333334,0.001078424999999999,0.005405675000000001,0.0015988958333333328,0.0033516541666666674,0.0012554208333333335,8.332916666666532e-05,5.554999999999932e-05,0.0034812916666666647,0.00035089583333333327,5.833333333333313e-05,4.1662499999999664e-05,0.002789599999999999,0.00030762083333333277,0.002168370833333334,0.0007355875000000001,6.94374999999994e-05,0.0,0.0005301125000000008,0.0005029375,0.002230533333333333,0.00022227083333333322,5.555000000000028e-05,0.00018055000000000024,0.00019442500000000244,4.743384504624082e-20,0.0,1.4230153513872246e-19,0.0037218583333333334,0.00010000000000000005,0.004178333333333332,0.0013305208333333333,4.166249999999934e-05,0.0020828249999999995,0.0016386749999999996,5.554999999999974e-05,6.943749999999972e-05,0.0003013874999999997,0.0014194041666666668,0.00012498749999999943,0.0,0.0014468583333333322,0.0014840374999999996,5.5550000000000395e-05,6.943750000000237e-05,0.0001612333333333338,0.002624116666666666,0.0002912291666666672,0.0,0.00011110000000000015,0.0015643875000000004,0.000784920833333333,0.00013889166666666543,0.005181254166666667
10:30:00,0.0024305666666666675,0.0007166208333333333,0.0007008583333333333,0.0027363375000000003,0.00542225,0.0017737583333333334,0.0007798916666666665,0.00044458749999999917,0.0006551958333333326,0.0007147499999999998,0.002330816666666667,0.0020724999999999984,0.0015933416666666666,0.0045981125,0.0010311041666666676,0.0030901791666666655,0.0006907166666666667,0.0010588875000000007,0.002430558333333333,0.001124325,0.0007626916666666659,0.006071404166666665,0.0006582916666666664,0.0007927708333333342,0.0013295666666666675,0.005029341666666665,0.0008213666666666681,0.0029349625000000008,0.0010318375,0.003589037500000001,0.004526683333333332,0.0012167708333333334,0.0010142750000000002,0.0008716375000000004,0.001026891666666667,0.0008395166666666672,0.001157175,0.001136241666666667,0.0023018833333333334,0.005052658333333331,0.0019055374999999999,0.0006669999999999995,0.0011584958333333334,0.0017428958333333341,0.0009490708333333332,0.0013830333333333328,0.0007245291666666675,0.0010175416666666657,0.005464966666666668,0.0005871624999999994,0.001144562500000001,5.555000000000013e-05,1.3887499999998664e-05,1.3887499999999321e-05,0.002798424999999998,2.7774999999999957e-05,0.0,0.0,0.00041654166666666635,0.00015277083333333278,0.0011561666666666673,0.00018494166666666685,2.7774999999999408e-05,0.0,0.00013887500000000103,6.943750000000011e-05,5.554999999999926e-05,3.7266666666666524e-05,2.846030702774449e-19,6.94416666666669e-05,2.777500000000245e-05,4.743384504624082e-20,0.0,1.4230153513872246e-19,0.003153458333333333,2.778333333333339e-05,0.0012389749999999983,9.72124999999999e-05,1.3887499999999341e-05,0.00023887499999999972,0.00018054166666666674,1.3887499999999741e-05,2.777499999999972e-05,0.00018054583333333306,0.00019442500000000024,3.19416666666661e-05,0.0,0.00019685833333333235,0.00019403333333333308,1.3887500000000399e-05,2.3852447794681098e-18,1.3891666666667135e-05,0.0002709208333333338,0.0001870291666666672,0.0,4.120000000000016e-05,0.00016294583333333404,7.777083333333334e-05,8.333749999999877e-05,0.003543875
11:00:00,0.0007762375000000012,0.0006395958333333333,0.0006428374999999999,0.000565908333333334,0.005210145833333333,0.0008535208333333335,0.0007849166666666666,0.0004992083333333324,0.0007134583333333327,0.0008228833333333331,0.0006370166666666674,0.0008239041666666653,0.0006632833333333337,0.005833775,0.0009285916666666676,0.0012388749999999995,0.0005957625000000001,0.0009103666666666675,0.004535487499999999,0.0010533875,0.0008143666666666658,0.006197108333333331,0.0007122291666666663,0.0007720333333333343,0.0012346583333333343,0.004999379166666665,0.0007863083333333348,0.0006752583333333345,0.0011409125,0.0008151083333333341,0.002035608333333333,0.0006537666666666667,0.0008722000000000003,0.0010791500000000003,0.0010157875000000004,0.0008169666666666673,0.0011549791666666666,0.0009891833333333338,0.0009415750000000006,0.0025694791666666652,0.0007299166666666663,0.0006999208333333328,0.0005866250000000004,0.0007763750000000008,0.0007843249999999999,0.000831645833333333,0.0007217166666666675,0.0007170624999999991,0.004814441666666668,0.0006295958333333327,0.0001527708333333344,3.4025000000000136e-05,0.0,0.0,0.00017567916666666548,0.0,0.0,0.0,0.0002474291666666663,3.1020833333332784e-05,8.332916666666727e-05,6.94375000000002e-05,0.0,0.0,6.388333333333436e-05,4.166250000000011e-05,4.1662499999999264e-05,0.0,2.846030702774449e-19,2.7775000000000235e-05,2.4530074152484538e-18,4.743384504624082e-20,0.0,1.4230153513872246e-19,0.0020069625000000003,6.48333333333339e-06,0.00023608749999999828,6.94374999999999e-05,0.0,0.0001249958333333331,8.332500000000009e-05,0.0,0.0,6.944583333333307e-05,0.00013887500000000024,0.0,0.0,4.166249999999904e-05,9.721249999999975e-05,3.9979955110402976e-19,2.3852447794681098e-18,4.692562527788824e-19,9.721250000000045e-05,8.333333333333387e-05,0.0,1.6263032587282567e-19,9.721250000000072e-05,1.6666666666666674e-05,1.3887499999998772e-05,0.0016062625000000004
11:30:00,0.0008613250000000013,0.0006743958333333333,0.0007714791666666666,0.0006743541666666673,0.003344883333333334,0.0007462750000000002,0.0008741416666666667,0.0006714999999999989,0.0006219708333333327,0.0009075166666666663,0.0006257416666666675,0.0009036374999999986,0.0009304333333333336,0.005968425,0.0010033166666666676,0.001286666666666666,0.0008220875000000002,0.0007856750000000009,0.004790258333333333,0.0011230541666666666,0.0009553249999999993,0.005235937499999998,0.0008194124999999996,0.0009318083333333344,0.0010016416666666676,0.0026272291666666657,0.0006313166666666681,0.0008065125000000012,0.0011158916666666667,0.0008312791666666675,0.0009668916666666667,0.0008299541666666667,0.0009387833333333337,0.0009458708333333337,0.0008901791666666671,0.001088320833333334,0.0011927958333333333,0.0009249416666666672,0.001172816666666667,0.0008705041666666653,0.0007771166666666662,0.0008812166666666662,0.0006024583333333338,0.0005323416666666675,0.0006975416666666666,0.000709520833333333,0.0007877958333333341,0.0007350791666666658,0.002702204166666668,0.0008422541666666661,9.18958333333344e-05,1.3887500000000138e-05,0.0,0.0,6.943749999999882e-05,0.0,0.0,0.0,0.00012498749999999967,0.0,2.7775000000000607e-05,1.3887500000000209e-05,0.0,0.0,2.7775000000001034e-05,1.3887500000000114e-05,2.384166666666593e-05,0.0,2.846030702774449e-19,2.371692252312041e-19,2.4530074152484538e-18,4.743384504624082e-20,0.0,1.4230153513872246e-19,0.0001666625000000001,5.759824041329242e-20,0.0001249874999999983,1.388749999999991e-05,0.0,4.166666666666643e-05,1.38875000000001e-05,0.0,0.0,0.0,5.555000000000025e-05,0.0,0.0,0.0,4.166249999999976e-05,3.9979955110402976e-19,2.3852447794681098e-18,4.692562527788824e-19,4.166250000000045e-05,1.3891666666667217e-05,0.0,1.6263032587282567e-19,4.166250000000072e-05,0.0003553,0.0,0.00011387916666666755
12:00:00,0.0014132916666666682,0.0007892541666666666,0.001058775,0.0007192125000000007,0.0009104416666666675,0.0009433958333333336,0.0010054583333333335,0.0008180166666666656,0.0007925666666666661,0.0009356249999999996,0.0008857208333333342,0.0009785499999999986,0.001010004166666667,0.0047682875,0.0012030333333333343,0.0011918708333333327,0.0008937916666666669,0.0009977083333333344,0.0048622,0.0010825708333333333,0.0009864166666666658,0.0023929833333333323,0.0009934458333333328,0.0010525958333333343,0.0009402666666666678,0.0011179041666666656,0.0006767833333333347,0.001143275000000001,0.0012284541666666667,0.0009950750000000009,0.0011610166666666667,0.0009675916666666668,0.0011684250000000003,0.0011389458333333337,0.0007702625000000005,0.0011569541666666674,0.0013571291666666667,0.0010634125000000005,0.0010640541666666673,0.0010501416666666653,0.0011283249999999995,0.0009646666666666662,0.000797816666666667,0.0005442708333333341,0.0006991583333333332,0.0008100499999999997,0.0011301750000000006,0.0008822791666666658,0.0009855250000000005,0.001129791666666666,1.3887500000001076e-05,1.3891340334970526e-19,0.0,0.0,1.3887499999998826e-05,0.0,0.0,0.0,2.7774999999999672e-05,0.0,6.098637220230962e-19,2.1006417091906648e-19,0.0,0.0,1.0367683274392636e-18,1.1519648082658485e-19,0.0,0.0,2.846030702774449e-19,2.371692252312041e-19,2.4530074152484538e-18,4.743384504624082e-20,0.0,1.4230153513872246e-19,0.00011110833333333344,5.759824041329242e-20,2.777499999999829e-05,0.0010065999999999999,0.0,0.0,1.0164395367051604e-19,0.0,0.0,0.0,2.574980159653073e-19,0.0,0.0,0.0,0.0,3.9979955110402976e-19,2.3852447794681098e-18,4.692562527788824e-19,4.54009659728305e-19,5.505714157152952e-19,0.0,1.6263032587282567e-19,7.250602028496811e-19,0.0015891333333333335,0.0,2.777500000000088e-05
12:30:00,0.001487241666666668,0.0009510083333333333,0.0011480541666666667,0.0009053458333333341,0.0007552916666666675,0.0011693750000000003,0.0012702916666666667,0.001212024999999999,0.0009590333333333328,0.0009428124999999996,0.001014487500000001,0.0012893208333333319,0.001311879166666667,0.0024103500000000003,0.001506862500000001,0.0012987124999999993,0.0011468250000000002,0.0014438041666666678,0.0030875,0.0012394833333333331,0.0010935083333333325,0.0013025958333333328,0.0012485124999999995,0.0011821875000000012,0.0011992791666666678,0.001148233333333332,0.000776104166666668,0.0013980833333333343,0.0013520458333333334,0.0011342291666666675,0.0010928166666666667,0.0012089875,0.0011103750000000003,0.0013558208333333337,0.000875254166666667,0.0014486291666666673,0.0013231541666666668,0.0013449000000000004,0.0012255750000000007,0.0011619999999999988,0.0013080041666666661,0.0011052416666666662,0.000785254166666667,0.0008704000000000008,0.0008925333333333332,0.0008542666666666663,0.0012832041666666673,0.0009223624999999991,0.001238383333333334,0.001459829166666666,1.07742590890747e-18,1.3891340334970526e-19,0.0,0.0,0.0,0.0,0.0,0.0,0.0,0.0,0.0007344250000000007,2.1006417091906648e-19,0.0,0.0,1.0367683274392636e-18,1.1519648082658485e-19,0.0,7.02708333333332e-05,2.846030702774449e-19,2.371692252312041e-19,2.4530074152484538e-18,4.743384504624082e-20,0.0,1.4230153513872246e-19,4.166666666666678e-05,5.759824041329242e-20,0.0,0.0025464166666666664,0.0,0.0,1.0164395367051604e-19,0.0,0.0,0.0,2.574980159653073e-19,0.0,0.0,0.0,0.0,3.9979955110402976e-19,2.3852447794681098e-18,4.692562527788824e-19,4.54009659728305e-19,5.505714157152952e-19,0.0,1.6263032587282567e-19,7.250602028496811e-19,0.0021714541666666668,0.0,8.809142651444724e-19
13:00:00,0.0014600250000000013,0.0010483250000000001,0.0012810416666666669,0.0011086291666666673,0.0008536375000000008,0.0011259375000000002,0.0013826625000000002,0.0012072999999999988,0.0012727249999999995,0.0008977708333333331,0.0010966458333333342,0.0011917499999999986,0.0012982458333333337,0.0013182958333333337,0.0017075041666666678,0.0013225791666666659,0.00125645,0.001851525000000001,0.0010425541666666666,0.001199583333333333,0.001144637499999999,0.0012546416666666662,0.0013760749999999996,0.0014574333333333344,0.001289300000000001,0.001345733333333332,0.0008352750000000014,0.001588900000000001,0.0012353833333333332,0.0011087750000000009,0.0009784083333333334,0.0014286125,0.0010431041666666668,0.0011250583333333338,0.0008385083333333337,0.0013891625000000006,0.0013836625,0.001303745833333334,0.0013002208333333341,0.001137683333333332,0.0012248041666666663,0.0010891541666666663,0.0007042833333333336,0.0011565083333333341,0.0008863124999999998,0.0008785166666666663,0.0013433958333333338,0.0009142416666666658,0.0014253291666666674,0.0014436374999999995,1.07742590890747e-18,1.3891340334970526e-19,0.0,0.0,0.0,0.0,0.0,0.0,0.0,0.0,0.0021663916666666673,2.1006417091906648e-19,0.0,0.0,1.0367683274392636e-18,1.1519648082658485e-19,0.0,0.002575737499999999,2.846030702774449e-19,2.371692252312041e-19,2.4530074152484538e-18,4.743384504624082e-20,0.0,1.4230153513872246e-19,1.2197274440461925e-19,0.00019504166666666674,0.0,0.002995970833333333,0.0,0.0,1.0164395367051604e-19,0.0,0.0,0.0,2.574980159653073e-19,0.0,0.0,0.0,0.0,3.9979955110402976e-19,2.3852447794681098e-18,4.692562527788824e-19,4.54009659728305e-19,5.505714157152952e-19,0.0,1.6263032587282567e-19,7.250602028496811e-19,0.0024318625,0.0,8.809142651444724e-19
13:30:00,0.0013383416666666679,0.0010713583333333335,0.001284304166666667,0.0010888750000000006,0.0010712041666666675,0.0009776750000000001,0.0012418666666666666,0.0010747291666666655,0.0012621083333333328,0.0009522499999999998,0.0011101375000000008,0.001253945833333332,0.0010095500000000003,0.0011733375000000004,0.0014682583333333345,0.0011993458333333326,0.0010765333333333333,0.0017758875000000011,0.0008393291666666666,0.000971370833333333,0.0009158833333333323,0.001254833333333333,0.0013900666666666664,0.0013612750000000012,0.0011297916666666678,0.0011615416666666655,0.0006505666666666682,0.0016326708333333343,0.0010788624999999998,0.0009274416666666674,0.0010496166666666667,0.0014150958333333334,0.0008546625,0.0009146833333333338,0.0009073291666666669,0.0011272000000000005,0.0011921333333333333,0.0011528041666666676,0.001041862500000001,0.001205308333333332,0.001229283333333333,0.0009662583333333329,0.000869091666666667,0.001087033333333334,0.0008727666666666665,0.0008139833333333329,0.0014505625000000005,0.0008566333333333324,0.0011421041666666674,0.0012646083333333327,1.07742590890747e-18,0.0009262833333333332,0.0,0.0,0.0,0.0,0.0,0.0,0.0,0.0,0.0023128416666666676,2.1006417091906648e-19,0.0,0.0,1.0367683274392636e-18,1.1519648082658485e-19,0.0,0.0031157833333333327,2.846030702774449e-19,2.371692252312041e-19,2.4530074152484538e-18,4.743384504624082e-20,0.0,1.4230153513872246e-19,1.2197274440461925e-19,0.0030654874999999993,0.0,0.0033634374999999997,0.00022944583333333267,0.0,1.0164395367051604e-19,0.0,0.0,0.0,0.0005741208333333333,0.0,0.0,0.0,0.0,3.9979955110402976e-19,2.3852447794681098e-18,4.692562527788824e-19,4.54009659728305e-19,5.505714157152952e-19,0.0,1.6263032587282567e-19,7.250602028496811e-19,0.002528408333333334,0.0,8.809142651444724e-19
14:00:00,0.000885712500000001,0.0011067041666666668,0.0009381000000000002,0.0009965666666666671,0.0009005875000000008,0.0007107333333333333,0.0010354416666666665,0.0010443416666666655,0.0010910249999999996,0.0007725333333333331,0.0008239791666666674,0.0010497374999999987,0.0008032083333333337,0.0009674125000000003,0.0010308750000000012,0.0009522958333333325,0.0009576916666666666,0.0015248916666666678,0.0006401499999999999,0.000957233333333333,0.000885349999999999,0.000910745833333333,0.0011861249999999997,0.0011569500000000012,0.0009769541666666678,0.0010206416666666655,0.0005324916666666681,0.0012186666666666676,0.0008368083333333332,0.000847420833333334,0.0007482375,0.0012433666666666666,0.0007021791666666666,0.0007845958333333339,0.0011063458333333337,0.0008363041666666672,0.0008974416666666665,0.0010341333333333343,0.000998812500000001,0.0009953999999999987,0.0008863583333333329,0.0009084999999999996,0.000733554166666667,0.0010054875000000008,0.0008123333333333332,0.0006056833333333329,0.0011914625000000005,0.0007705791666666657,0.0009740333333333339,0.0012249458333333325,1.07742590890747e-18,0.0023569624999999995,0.0,0.00032882083333333274,0.0,0.0,0.0,0.0,0.0,0.0,0.0027206708333333343,2.1006417091906648e-19,0.0,0.0,1.0367683274392636e-18,1.1519648082658485e-19,0.0,0.003390629166666666,2.846030702774449e-19,2.371692252312041e-19,2.4530074152484538e-18,4.743384504624082e-20,0.0,0.0011810041666666666,1.2197274440461925e-19,0.003555316666666666,0.0,0.0027123499999999997,0.0016391833333333325,0.0,1.0164395367051604e-19,0.0,0.0,0.0,0.0023993624999999992,0.0,0.0,0.00035285833333333213,0.0,3.9979955110402976e-19,2.3852447794681098e-18,4.692562527788824e-19,4.54009659728305e-19,5.505714157152952e-19,0.0,1.6263032587282567e-19,7.250602028496811e-19,0.001577616666666667,0.0,8.809142651444724e-19
14:30:00,0.000888837500000001,0.0009442958333333334,0.0008075083333333336,0.0007990458333333337,0.0008061833333333341,0.0005807375,0.0008965708333333333,0.0006323416666666655,0.0009767624999999997,0.0008145166666666664,0.0007055000000000007,0.0005949374999999987,0.000528091666666667,0.000713166666666667,0.0006832375000000012,0.0007867958333333325,0.0005992374999999999,0.0011488666666666677,0.0005542333333333333,0.000714470833333333,0.0008292541666666657,0.0008172916666666664,0.0008665291666666663,0.0008595041666666677,0.0006217166666666679,0.0008743416666666655,0.00045265416666666813,0.0009016958333333343,0.0007185583333333334,0.0006499458333333338,0.0007017708333333333,0.0009348833333333333,0.0005745833333333333,0.0005622125000000005,0.0008923125000000004,0.00048387083333333383,0.0005332999999999999,0.0008711041666666675,0.0006531500000000009,0.0008608374999999988,0.0007884833333333328,0.0008265583333333329,0.0007840291666666669,0.0007539333333333343,0.0006659166666666667,0.000569470833333333,0.0009548208333333339,0.0007161916666666657,0.0008017666666666673,0.0009373291666666659,1.07742590890747e-18,0.0026005124999999994,0.0,0.0015731416666666662,0.0,0.0,0.0,0.0,0.0,0.0,0.002318129166666668,0.0015605583333333332,0.0,0.0,1.0367683274392636e-18,1.1519648082658485e-19,0.0,0.0035422041666666663,2.846030702774449e-19,2.371692252312041e-19,2.4530074152484538e-18,4.743384504624082e-20,0.0,0.0024033125,1.2197274440461925e-19,0.0038385874999999994,0.0,0.0015592083333333332,0.0018995708333333326,0.0,1.0164395367051604e-19,0.0,0.0,0.0,0.0026877874999999994,0.0,0.0,0.0021623083333333322,0.0,3.9979955110402976e-19,2.3852447794681098e-18,4.692562527788824e-19,4.54009659728305e-19,5.505714157152952e-19,0.0,1.6263032587282567e-19,7.250602028496811e-19,0.0012056333333333336,0.0,8.809142651444724e-19
15:00:00,0.0008277916666666676,0.0009105333333333334,0.0007180625000000002,0.0006408541666666672,0.0006908791666666674,0.0006512916666666667,0.0006952833333333333,0.0005339916666666655,0.0006151374999999996,0.0007625708333333331,0.0007359666666666674,0.0005430666666666653,0.0004464958333333337,0.0005111458333333336,0.0005632916666666679,0.0005545791666666659,0.0005733958333333333,0.0007362041666666678,0.00044527916666666656,0.0006771499999999997,0.000806437499999999,0.000671020833333333,0.0007900333333333328,0.0005829583333333344,0.0003732250000000012,0.0006572416666666655,0.0005680000000000014,0.0006148083333333343,0.0007671083333333334,0.0006229333333333338,0.0006013749999999999,0.0008661916666666666,0.000566675,0.0006014166666666671,0.0008809750000000004,0.00037501666666666717,0.0004759083333333333,0.0007515375000000008,0.0006484666666666675,0.0007355249999999988,0.0008628333333333329,0.0009644124999999995,0.0009063833333333336,0.0005037875000000009,0.0006659208333333333,0.0005272041666666663,0.0008091333333333339,0.0008560749999999991,0.0005706291666666672,0.0008010999999999991,1.07742590890747e-18,0.0028295958333333327,0.0,0.0020001916666666664,0.0,0.0,0.0,0.0,0.0,0.0,0.0011007416666666677,0.0023328916666666664,0.0,0.0,1.0367683274392636e-18,1.1519648082658485e-19,0.0,0.0012454000000000005,2.846030702774449e-19,2.371692252312041e-19,2.4530074152484538e-18,4.743384504624082e-20,0.0,0.0028753708333333333,1.2197274440461925e-19,0.0039849874999999995,0.0,0.0014243958333333333,0.0021693083333333327,0.0,1.0164395367051604e-19,0.0,0.0,0.0,0.0030779999999999996,0.0,0.0,0.0024397041666666657,0.0,3.9979955110402976e-19,2.3852447794681098e-18,4.692562527788824e-19,4.54009659728305e-19,5.505714157152952e-19,0.0,1.6263032587282567e-19,7.250602028496811e-19,0.0012116625000000002,0.0,8.809142651444724e-19
15:30:00,0.0008095041666666676,0.0008870583333333334,0.0005430458333333335,0.0006020791666666672,0.0004129333333333341,0.0008208958333333333,0.0010981541666666666,0.0005626124999999989,0.0007332666666666662,0.0005828999999999998,0.0007172125000000009,0.0003943374999999986,0.0005229125000000003,0.00037472916666666693,0.0006971625000000012,0.0005110624999999991,0.0006189833333333334,0.0007690750000000012,0.0005564249999999999,0.0008202208333333331,0.0009191958333333324,0.0006167666666666664,0.0007794541666666661,0.000412037500000001,0.00037130833333333456,0.0006951249999999988,0.0006596125000000014,0.0005123916666666677,0.0010159458333333334,0.0005928166666666671,0.0005363708333333332,0.0008650625,0.0006073249999999999,0.0006325458333333337,0.000743791666666667,0.00035945833333333386,0.0005809541666666666,0.0007015416666666675,0.0007162875000000008,0.0004903749999999988,0.0007461874999999996,0.0010419249999999995,0.0011690625000000004,0.0005034833333333342,0.0006809666666666666,0.0006329541666666664,0.0006886583333333338,0.0010777166666666657,0.0004311541666666672,0.0008810291666666658,1.07742590890747e-18,0.0022328791666666663,0.0,0.0023400958333333333,0.0,0.0,0.0,0.0,0.0,0.0,0.0015709416666666678,0.002590233333333333,0.0,0.0,1.0367683274392636e-18,1.1519648082658485e-19,0.0,0.000923941666666667,2.846030702774449e-19,2.371692252312041e-19,2.4530074152484538e-18,4.743384504624082e-20,0.0,0.0033258291666666668,1.2197274440461925e-19,0.001403091666666667,0.0,0.0014028458333333333,0.002223745833333333,0.0,1.0164395367051604e-19,0.0,0.0,0.0,0.0028232916666666662,0.0009651749999999994,0.0,0.002787699999999999,0.0,3.9979955110402976e-19,2.3852447794681098e-18,4.692562527788824e-19,4.54009659728305e-19,5.505714157152952e-19,0.0,1.6263032587282567e-19,7.250602028496811e-19,0.0010911833333333335,0.0,8.809142651444724e-19
16:00:00,0.000769350000000001,0.0008833916666666668,0.0006069916666666668,0.0006324625000000005,0.0005593083333333341,0.0008857875,0.0013506291666666667,0.0005569874999999989,0.0007431874999999996,0.0007598999999999999,0.0007323208333333343,0.0004775624999999986,0.000648354166666667,0.0003554333333333336,0.0008268250000000012,0.0006828708333333326,0.0008783375,0.0007201083333333345,0.0007355333333333332,0.000934195833333333,0.000873574999999999,0.0006307916666666663,0.0009262416666666661,0.0004713083333333344,0.00040179583333333456,0.0008261791666666655,0.000879254166666668,0.0008238708333333344,0.0010978333333333335,0.0006298416666666672,0.0007126916666666666,0.0009061416666666666,0.0007500124999999999,0.0006000875000000004,0.000512066666666667,0.000530933333333334,0.0008148416666666666,0.0007020125000000008,0.0007574250000000008,0.0006957499999999989,0.000819858333333333,0.0013857791666666663,0.0011673250000000003,0.000573375000000001,0.0006717791666666666,0.0007517666666666663,0.0009728083333333339,0.0010298624999999992,0.0005860375000000005,0.000808437499999999,1.07742590890747e-18,0.0014032916666666664,0.0,0.0023695541666666664,0.0,0.0,0.0,0.0,0.0,0.0,0.0014846250000000011,0.0030504625,0.0,0.0,1.0367683274392636e-18,1.1519648082658485e-19,0.0,0.000959491666666667,2.846030702774449e-19,2.371692252312041e-19,2.4530074152484538e-18,4.743384504624082e-20,0.0,0.002540479166666667,1.2197274440461925e-19,0.0013476208333333337,0.0,0.00138565,0.0012239791666666664,0.0,1.0164395367051604e-19,0.0,0.0,0.0,0.0013074291666666667,0.0017982916666666661,0.0015069999999999992,0.002702449999999999,0.0,3.9979955110402976e-19,2.3852447794681098e-18,4.692562527788824e-19,4.54009659728305e-19,5.505714157152952e-19,0.0,1.6263032587282567e-19,7.250602028496811e-19,0.0010908708333333336,0.0,8.809142651444724e-19
16:30:00,0.000838850000000001,0.0012789875,0.0009783958333333335,0.0009986625000000006,0.0009539333333333341,0.0011419666666666667,0.001388025,0.0009567541666666655,0.0010214541666666663,0.0008510166666666665,0.0007706333333333342,0.0006364124999999986,0.0008717708333333337,0.0005781708333333336,0.0009144791666666678,0.0007605833333333326,0.0010736541666666669,0.0008261666666666678,0.0009926999999999998,0.0010632249999999997,0.0008875166666666658,0.000822795833333333,0.0011309749999999993,0.0006572291666666677,0.0009374583333333344,0.0010019458333333322,0.0011075125000000014,0.0011346916666666678,0.0011581208333333334,0.000837633333333334,0.0007921208333333334,0.0012155166666666666,0.0012994791666666664,0.0009671375000000005,0.0006937250000000003,0.0008240750000000006,0.0009850375,0.0008151708333333342,0.001044133333333334,0.000966549999999999,0.001158095833333333,0.001545595833333333,0.0011930625000000003,0.000723687500000001,0.0007399791666666666,0.0009572208333333328,0.0011416500000000006,0.0012042791666666659,0.0006845083333333337,0.0009151916666666658,1.07742590890747e-18,0.001520458333333333,0.0,0.0015996916666666664,0.0,0.0,0.0,0.0,0.0,0.0012942166666666658,0.0016233750000000013,0.002007058333333334,0.0,0.0,1.0367683274392636e-18,1.1519648082658485e-19,0.0,0.0011807083333333337,2.846030702774449e-19,2.371692252312041e-19,2.4530074152484538e-18,4.743384504624082e-20,0.0,0.0017291791666666672,1.2197274440461925e-19,0.0016728750000000003,0.0,0.0015137041666666668,0.0014506374999999996,0.0,1.0164395367051604e-19,0.0,0.0,0.0,0.0016240999999999998,0.0024587124999999994,0.003202791666666666,0.0013676874999999991,0.0,3.9979955110402976e-19,2.3852447794681098e-18,4.692562527788824e-19,4.54009659728305e-19,5.505714157152952e-19,0.0,1.6263032587282567e-19,7.250602028496811e-19,0.0014565250000000002,0.0,8.809142651444724e-19
17:00:00,0.001129087500000001,0.0014453083333333333,0.0012024000000000002,0.001080195833333334,0.0012896416666666674,0.0011662666666666668,0.001632225,0.0014199749999999987,0.0013810166666666664,0.00092925,0.0008065250000000009,0.0008735666666666653,0.0010670958333333337,0.0009227041666666669,0.0011844333333333344,0.0011704999999999992,0.0011149125000000002,0.0012499166666666678,0.0014778791666666667,0.001351020833333333,0.0009097541666666659,0.0010486249999999996,0.0012940833333333326,0.0008538125000000011,0.0013410333333333344,0.0012558749999999987,0.0012277208333333347,0.0015199916666666677,0.00129045,0.0012633375000000006,0.0010604333333333335,0.00131715,0.0015252874999999997,0.0012160500000000004,0.0009016333333333336,0.001191595833333334,0.0012639875,0.0013461666666666678,0.001124383333333334,0.0013144624999999988,0.0012923041666666661,0.0017536208333333331,0.0012994208333333337,0.0010114083333333343,0.0010449166666666666,0.0015888999999999994,0.001365158333333334,0.0013802041666666658,0.0010582125000000004,0.001257949999999999,1.07742590890747e-18,0.0018181624999999996,0.0,0.0017459249999999997,0.0,0.0,0.0,0.0,0.0,0.0024041999999999996,0.002209504166666668,0.0018892500000000007,0.0,0.0,1.0367683274392636e-18,1.1519648082658485e-19,0.0,0.0014577583333333338,2.846030702774449e-19,2.371692252312041e-19,2.4530074152484538e-18,0.002884816666666667,0.0,0.002118616666666667,1.2197274440461925e-19,0.002003075,0.0,0.0016824291666666668,0.0017861749999999994,0.0,1.0164395367051604e-19,0.0,0.0,0.0,0.002303458333333333,0.003555887499999999,0.003753249999999999,0.001588191666666666,0.0,3.9979955110402976e-19,2.3852447794681098e-18,4.692562527788824e-19,4.54009659728305e-19,5.505714157152952e-19,0.0,1.6263032587282567e-19,7.250602028496811e-19,0.0017497333333333334,0.0,8.809142651444724e-19
17:30:00,0.0014623083333333343,0.0016942250000000002,0.0015340333333333336,0.001235333333333334,0.0016672291666666676,0.0013958458333333335,0.0017723749999999999,0.0019274999999999987,0.0014216291666666666,0.0011743791666666667,0.0010058916666666675,0.0011331916666666654,0.0015083708333333337,0.0013701708333333337,0.001609300000000001,0.001494266666666666,0.0013102541666666669,0.0014499083333333344,0.0017332208333333333,0.0015203916666666664,0.001143391666666666,0.0012518791666666664,0.0015738999999999992,0.0011519416666666677,0.001813412500000001,0.0016269416666666655,0.001507716666666668,0.0019211833333333344,0.0013972166666666667,0.001590083333333334,0.001385816666666667,0.0013568625,0.0018155791666666663,0.0014835208333333339,0.0010989916666666669,0.0014983875000000005,0.0012635541666666666,0.001556604166666668,0.0012345125000000007,0.0016625541666666654,0.0020502499999999996,0.0019164499999999997,0.0011637208333333338,0.0015039708333333345,0.0014623625000000002,0.0021187958333333326,0.0015639500000000008,0.0015224291666666658,0.0015270875000000005,0.001590037499999999,1.07742590890747e-18,0.002032183333333333,0.0,0.0021756499999999995,0.0,0.0,0.0028731041666666666,0.0,0.0,0.003217491666666666,0.0023092541666666685,0.002228370833333334,0.0,0.0022580208333333332,1.0367683274392636e-18,1.1519648082658485e-19,0.0,0.0017749875000000006,2.846030702774449e-19,2.371692252312041e-19,2.4530074152484538e-18,0.004731520833333334,0.0,0.0023121500000000002,1.2197274440461925e-19,0.0023836166666666666,0.0,0.0020976208333333335,0.0024779416666666663,0.0001725958333333331,1.0164395367051604e-19,0.0004535083333333329,0.0,0.0,0.00301945,0.003784504166666666,0.004684233333333333,0.0018332208333333324,0.0,0.0012104625000000002,2.3852447794681098e-18,4.692562527788824e-19,0.0009757541666666672,0.00029687500000000053,0.0,4.433333333333496e-06,7.250602028496811e-19,0.0019703833333333336,0.0,8.809142651444724e-19
18:00:00,0.001881675000000001,0.0018531708333333334,0.0018649916666666668,0.001524408333333334,0.001878525000000001,0.0014980083333333335,0.001866308333333333,0.0019747374999999987,0.0017197958333333334,0.0012277666666666667,0.0012757166666666673,0.001346770833333332,0.001781233333333334,0.0014802000000000003,0.0019508791666666679,0.0016160374999999994,0.0012579291666666667,0.001769737500000001,0.0018377875,0.0014674708333333331,0.0016654833333333329,0.0014769291666666662,0.001907287499999999,0.001406375000000001,0.002077812500000001,0.0017347458333333322,0.0015611083333333347,0.0019704791666666677,0.001708441666666667,0.0018973500000000008,0.0015194791666666668,0.0017097166666666668,0.0017797291666666662,0.0019538291666666673,0.0015524375000000002,0.0016272833333333338,0.0013634208333333333,0.0018701083333333346,0.0014485750000000008,0.0017838666666666653,0.0027379458333333328,0.0020081041666666663,0.0012857333333333339,0.0019504083333333347,0.0017237000000000003,0.0023786083333333327,0.001682083333333334,0.0020510166666666656,0.0018841625000000004,0.0016721833333333323,1.07742590890747e-18,0.0021857541666666664,0.0,0.0026641124999999995,0.0,0.0,0.0041291416666666666,0.0,0.0,0.004351854166666666,0.002552795833333335,0.0022755833333333343,0.00021370833333333276,0.0036035791666666666,1.0367683274392636e-18,1.1519648082658485e-19,0.0,0.0021447416666666675,2.846030702774449e-19,2.371692252312041e-19,2.4530074152484538e-18,0.005799987500000001,0.0,0.0026334583333333336,1.2197274440461925e-19,0.0025776375,0.0,0.0022685125,0.0028610374999999996,0.0024956291666666662,1.0164395367051604e-19,0.003163633333333333,0.0,0.0,0.003355770833333333,0.0038654124999999992,0.004163891666666667,0.0022565333333333325,0.0,0.003348170833333333,2.3852447794681098e-18,4.692562527788824e-19,0.0029745500000000003,0.0026248125000000004,0.0,0.0028983041666666666,7.250602028496811e-19,0.0022038916666666667,0.0,8.809142651444724e-19
18:30:00,0.0020281833333333343,0.0016327958333333336,0.0018671791666666669,0.0013376875000000006,0.001664620833333334,0.0015284333333333334,0.0021231749999999997,0.0019282916666666654,0.0015735,0.0013678666666666667,0.0013737041666666673,0.0014121791666666654,0.001796308333333334,0.001763141666666667,0.002175629166666668,0.0017992416666666661,0.0014182083333333334,0.0017614791666666677,0.0017469,0.0015853583333333332,0.001828366666666666,0.0013748583333333328,0.002003408333333332,0.001505312500000001,0.001784291666666668,0.0016699333333333323,0.0016075458333333346,0.0019042833333333343,0.0017590750000000004,0.0020204291666666677,0.0015960375,0.0016479458333333334,0.0014881124999999997,0.0017934541666666673,0.0017355291666666668,0.001750345833333334,0.0015265458333333331,0.001937579166666668,0.0013842208333333342,0.0018579249999999986,0.002496995833333333,0.0021269874999999996,0.0012870625000000004,0.0020493083333333346,0.0020046958333333337,0.0024970583333333326,0.001644870833333334,0.002143649999999999,0.002254395833333334,0.0018368791666666657,1.07742590890747e-18,0.002442195833333333,5.9329166666665326e-05,0.0028809249999999995,0.0,0.0,0.005135495833333333,0.0,0.0,0.003963008333333334,0.0026731916666666686,0.0022750041666666676,0.002346187499999999,0.004532058333333333,0.0007202250000000011,1.1519648082658485e-19,0.0017615624999999992,0.002393325000000001,2.846030702774449e-19,2.371692252312041e-19,2.4530074152484538e-18,0.0067138250000000005,0.0019842333333333316,0.0029118500000000005,1.2197274440461925e-19,0.0027209583333333335,0.0,0.00216575,0.0030161999999999993,0.0034630208333333327,1.0164395367051604e-19,0.0044160499999999995,0.0006892874999999998,0.0,0.0034376416666666663,0.004408187499999999,0.0032436958333333333,0.002329841666666666,0.0,0.004387916666666667,2.3852447794681098e-18,0.001985529166666667,0.0036797375000000004,0.003752483333333334,0.0020677375,0.0039899125,7.250602028496811e-19,0.0019400666666666666,0.0,8.809142651444724e-19
19:00:00,0.002101754166666668,0.0014360750000000002,0.0019885750000000002,0.0014734250000000004,0.0013470916666666675,0.0015743583333333335,0.0019223999999999997,0.001561195833333332,0.0014036291666666668,0.0012598458333333332,0.0012909666666666673,0.0013221666666666655,0.0017095916666666673,0.0018660708333333336,0.002017754166666668,0.0017827374999999995,0.0013334958333333334,0.0014767291666666674,0.00168005,0.0014859416666666665,0.0017536083333333328,0.0013151958333333328,0.001782387499999999,0.0014847583333333343,0.0014497500000000014,0.0014952333333333322,0.001583991666666668,0.0016016833333333343,0.001965091666666667,0.0017058583333333342,0.0014092291666666667,0.0017852541666666666,0.0014519749999999999,0.001753170833333334,0.0017523125000000002,0.0015908250000000008,0.0013726541666666664,0.0015127041666666678,0.001383500000000001,0.0017092499999999985,0.002383266666666666,0.002165895833333333,0.0012729750000000004,0.0020631125000000012,0.0019094458333333336,0.002023020833333333,0.0015549041666666674,0.0019291874999999993,0.002047041666666667,0.0017241874999999992,5.993750000000109e-05,0.0023051166666666666,0.002149616666666665,0.0027660249999999996,0.00019420833333333218,0.0,0.006071116666666666,0.0,0.0,0.0032535916666666673,0.002289075000000002,0.0018963458333333344,0.0034307124999999987,0.0054821625,0.0027145041666666674,1.1519648082658485e-19,0.004344116666666666,0.0023162166666666675,2.846030702774449e-19,2.371692252312041e-19,2.4530074152484538e-18,0.004758079166666667,0.004044595833333331,0.0029336625000000007,1.2197274440461925e-19,0.002383575,0.0,0.0021329458333333336,0.003035208333333333,0.0041377125,1.0164395367051604e-19,0.005710029166666667,0.005055041666666666,0.0,0.0029029083333333328,0.003941266666666666,0.0031680583333333332,0.002296591666666666,0.0,0.00531275,2.3852447794681098e-18,0.002827516666666667,0.004098241666666667,0.004697058333333334,0.003853404166666666,0.0048377375,0.0011343416666666673,0.001871670833333333,0.0006857916666666654,8.809142651444724e-19
19:30:00,0.0021615166666666677,0.0011921750000000002,0.0016797083333333336,0.0014084333333333338,0.0009633791666666674,0.0012752416666666666,0.0015440791666666664,0.0012464249999999987,0.0014021041666666667,0.0013363291666666664,0.0011763500000000007,0.0011971833333333322,0.0012152416666666673,0.0016785666666666668,0.0015752333333333346,0.0014832874999999993,0.0012512666666666668,0.0012858166666666676,0.0015667291666666666,0.001334983333333333,0.001447729166666666,0.0014462124999999996,0.0014311791666666658,0.001342887500000001,0.0011317166666666681,0.0012881416666666655,0.0016126875000000013,0.0012665125000000008,0.0016513500000000004,0.0014932708333333343,0.0011482250000000001,0.0016408791666666666,0.001285325,0.001697983333333334,0.001600229166666667,0.0013045291666666675,0.0012416791666666665,0.0014573041666666679,0.001239887500000001,0.0014666208333333319,0.0017154708333333329,0.001958058333333333,0.001100879166666667,0.001668800000000001,0.0015375791666666669,0.001516391666666666,0.0012648166666666674,0.001562304166666666,0.0017374750000000005,0.0013035916666666659,0.0023009458333333337,0.0023551458333333332,0.003087541666666665,0.0024370916666666665,0.002751699999999999,0.00029771249999999995,0.004010345833333333,0.0,0.0,0.0028705291666666676,0.001920133333333335,0.001873675000000001,0.004156620833333332,0.004025991666666667,0.0035632666666666674,1.1519648082658485e-19,0.004970583333333332,0.0021312625000000007,2.846030702774449e-19,2.371692252312041e-19,2.4530074152484538e-18,0.0035886499999999997,0.005274949999999998,0.0026865375000000007,1.2197274440461925e-19,0.002396325,0.0,0.0017023583333333333,0.002661908333333333,0.004619058333333334,1.0164395367051604e-19,0.006165825,0.0061592374999999994,0.0,0.0023622791666666663,0.0032254958333333326,0.0026413875,0.002060312499999999,0.0,0.00496405,2.3852447794681098e-18,0.003272979166666667,0.0037925583333333337,0.005092304166666667,0.0047211208333333326,0.005317729166666667,0.002577541666666667,0.0015990666666666664,0.002750712499999998,8.809142651444724e-19
20:00:00,0.0017692416666666678,0.0010314541666666668,0.001308666666666667,0.001104258333333334,0.0005784541666666674,0.0011445666666666666,0.0012700833333333331,0.0011399666666666655,0.0010752291666666666,0.001182645833333333,0.0010124000000000008,0.000928674999999999,0.0010541083333333338,0.0016911375,0.001308575000000001,0.0011831583333333326,0.0012329500000000002,0.0009078458333333343,0.0016195416666666665,0.0011385749999999997,0.0009992374999999991,0.0011997166666666663,0.0010219583333333324,0.0011820333333333343,0.0009327958333333348,0.0009919333333333323,0.0014868500000000011,0.0010013958333333342,0.0014207666666666671,0.0012791708333333342,0.001034129166666667,0.001527983333333333,0.0012829958333333332,0.0013378375000000007,0.001243379166666667,0.0010029250000000006,0.0011085875,0.0011316208333333345,0.0008490333333333344,0.0011730291666666652,0.000904695833333333,0.001516075,0.0009426875000000002,0.001130525000000001,0.0013625625,0.0011149374999999996,0.0009541125000000006,0.0010952708333333326,0.001399533333333334,0.0010734458333333326,0.0029227291666666672,0.0018208916666666666,0.0036576749999999983,0.0020178291666666666,0.0035648791666666657,0.0023032041666666662,0.0031427374999999994,0.0,0.0002971374999999997,0.0021445333333333346,0.0016658000000000016,0.001983050000000001,0.004586312499999998,0.0031830125,0.004065695833333334,1.1519648082658485e-19,0.005514962499999999,0.001703495833333334,2.846030702774449e-19,2.371692252312041e-19,2.4530074152484538e-18,0.0032719624999999995,0.006159324999999998,0.0026567041666666676,1.2197274440461925e-19,0.0020741541666666665,0.0,0.0014977125,0.0021835749999999997,0.002812829166666667,1.0164395367051604e-19,0.005094566666666666,0.0072082249999999995,0.0,0.0021535041666666662,0.0026154791666666657,0.0020966208333333333,0.001549449999999999,0.0,0.0033615041666666674,2.3852447794681098e-18,0.0038962833333333335,0.002134079166666667,0.0031128666666666678,0.005584370833333333,0.0030652000000000006,0.0033194666666666673,0.0013601458333333332,0.003323812499999998,8.809142651444724e-19
20:30:00,0.0013680416666666678,0.000930541666666667,0.001087104166666667,0.0010411500000000007,0.0003882583333333341,0.0008283625,0.0009456416666666663,0.0008512916666666655,0.0009661458333333334,0.000843233333333333,0.0008034875000000007,0.0007185458333333324,0.0008266333333333338,0.001291725,0.0011227916666666678,0.0008710499999999992,0.0010355416666666668,0.0007643458333333342,0.0015239083333333332,0.0010176541666666664,0.0007345749999999992,0.0010821624999999997,0.0024147166666666654,0.0012188083333333343,0.0007503750000000014,0.0009720333333333323,0.0013087083333333345,0.0008686500000000009,0.0012067333333333338,0.0009590250000000009,0.0010581375000000004,0.001403433333333333,0.0010939166666666664,0.001208720833333334,0.0009607083333333337,0.0007943833333333339,0.0010026916666666667,0.0008876541666666678,0.000703962500000001,0.0009418708333333318,0.0007828249999999996,0.0012183708333333332,0.0008967041666666668,0.0009370416666666677,0.0010668500000000003,0.0008126166666666662,0.0010773125000000006,0.0010441083333333327,0.0009021833333333338,0.000699616666666666,0.003417533333333334,0.0016245499999999998,0.004252299999999999,0.0018853166666666667,0.004105374999999999,0.003813470833333333,0.0026701124999999994,0.00045463749999999955,0.0026902208333333326,0.0015927541666666681,0.001349604166666668,0.0016646708333333342,0.003108745833333332,0.0029877874999999997,0.003852508333333334,1.1519648082658485e-19,0.004259158333333332,0.0013471291666666675,0.00030698333333333363,2.371692252312041e-19,2.4530074152484538e-18,0.0028379874999999995,0.005090470833333332,0.002381670833333334,1.2197274440461925e-19,0.0014898541666666665,0.0,0.0015363125,0.0017901458333333333,0.0021641041666666675,0.0007495666666666665,0.005294033333333333,0.007390804166666666,0.0,0.0017097791666666664,0.0019005291666666657,0.0016124,0.0012227374999999993,0.001309829166666666,0.0030849000000000007,2.3852447794681098e-18,0.0026061375,0.001961991666666667,0.0024836541666666675,0.004295245833333333,0.002895270833333334,0.004258258333333334,0.0012293708333333331,0.004234024999999998,8.809142651444724e-19
21:00:00,0.0009691000000000012,0.0035319208333333334,0.000790066666666667,0.0008587000000000008,0.00041046250000000077,0.0007602333333333333,0.000984233333333333,0.0007968708333333321,0.0010759666666666668,0.0009175416666666664,0.0008073125000000005,0.0005806541666666657,0.000975004166666667,0.0010139958333333335,0.0010397875000000012,0.0006301624999999992,0.0011922875000000002,0.0005828166666666676,0.0012110124999999998,0.0007692499999999998,0.0007205583333333327,0.0010260249999999996,0.003468724999999999,0.001056900000000001,0.0008542458333333346,0.000899549999999999,0.0010591333333333345,0.0007505875000000009,0.0008042791666666672,0.0010431791666666676,0.0010809500000000002,0.001002645833333333,0.0009207916666666663,0.001015383333333334,0.0006609583333333337,0.0006351666666666671,0.0009816,0.0008152000000000012,0.0007816666666666677,0.0008243833333333319,0.0005490749999999996,0.0008245958333333332,0.0007830416666666668,0.000636850000000001,0.0009689500000000003,0.0006629166666666661,0.0035506,0.001087404166666666,0.0008138000000000004,0.0004513374999999993,0.003860158333333334,0.0014850583333333332,0.0028892791666666655,0.0019297250000000002,0.004681774999999998,0.0053812999999999995,0.0021420374999999996,0.0032344291666666657,0.0035620708333333325,0.0014737625000000015,0.0012855083333333346,0.0016453291666666675,0.002448987499999999,0.0028155916666666664,0.002549954166666668,1.1519648082658485e-19,0.0021565833333333324,0.0011770958333333342,0.0024034166666666665,2.371692252312041e-19,2.4530074152484538e-18,0.0026403666666666658,0.004450474999999999,0.002056975000000001,1.2197274440461925e-19,0.0015913374999999997,0.0010291041666666647,0.0013702916666666666,0.0015254333333333332,0.001894162500000001,0.0025058333333333334,0.004167712499999999,0.00393415,0.0006547749999999996,0.0013875291666666663,0.001998549999999999,0.0015103833333333333,0.001123104166666666,0.003159095833333332,0.0025214208333333337,2.3852447794681098e-18,0.0021960916666666666,0.0023157708333333337,0.002107170833333334,0.0034046750000000002,0.002615945833333334,0.0036088208333333338,0.0009812041666666664,0.004464629166666664,8.809142651444724e-19
21:30:00,0.0007264625000000012,0.003636425,0.003038391666666667,0.000700045833333334,0.0005231708333333341,0.0010611083333333334,0.0007316958333333331,0.0006321749999999987,0.002951191666666666,0.0006495583333333331,0.0009833375000000005,0.0004380041666666657,0.0009906500000000005,0.0008025625000000001,0.0009433208333333346,0.0007241624999999992,0.0011680375000000002,0.0006212791666666676,0.0010140124999999999,0.0007227124999999998,0.0008666041666666659,0.0007494166666666662,0.0033704791666666657,0.0011328583333333343,0.0007333500000000014,0.0008247458333333322,0.0007501375000000013,0.0006266666666666675,0.0007704083333333339,0.0010872583333333343,0.0009360791666666669,0.0008980624999999997,0.0008260749999999997,0.0011335375000000006,0.0007211791666666671,0.0008202791666666672,0.0009682375,0.0006708708333333344,0.0008302416666666677,0.0006546041666666653,0.00048174166666666626,0.0006771541666666665,0.0009472583333333335,0.000757150000000001,0.0009612083333333337,0.0006217666666666661,0.0035914124999999997,0.0012710749999999993,0.0007572125000000003,0.00041195833333333264,0.002335312500000001,0.0012374374999999998,0.002853387499999999,0.0018701500000000001,0.0029081374999999983,0.005321633333333332,0.001797208333333333,0.005646924999999999,0.004367379166666666,0.0012958833333333347,0.0011439708333333346,0.0012111541666666675,0.002508174999999999,0.0029262083333333327,0.002338041666666668,1.1519648082658485e-19,0.0019339333333333324,0.0011007416666666675,0.003684795833333333,0.0014127666666666667,2.4530074152484538e-18,0.0025555249999999995,0.004569916666666665,0.0020859416666666676,1.2197274440461925e-19,0.0011848749999999997,0.0027298874999999974,0.0013900875,0.0012309708333333332,0.001736691666666668,0.003904841666666667,0.0034510458333333327,0.0033381333333333332,0.0026949458333333327,0.0013529166666666663,0.0028255416666666654,0.0013904791666666666,0.001019474999999999,0.0036738749999999983,0.0022337708333333337,2.3852447794681098e-18,0.0023165375,0.002279383333333334,0.002663945833333334,0.0030502375,0.0028840000000000003,0.002725329166666667,0.0008441166666666664,0.0030906083333333313,8.809142651444724e-19
22:00:00,0.0006366375000000013,0.003438195833333333,0.003014641666666667,0.0007667083333333341,0.000631308333333334,0.002853379166666666,0.0009332166666666665,0.000716745833333332,0.0029062708333333323,0.00169455,0.0010490958333333339,0.000430587499999999,0.0007865541666666672,0.0005965708333333335,0.0008397208333333346,0.0009592958333333326,0.00257005,0.000588575000000001,0.0007892874999999999,0.0007950458333333332,0.0008022833333333326,0.0008188999999999996,0.0032442499999999993,0.001386045833333334,0.0006392833333333347,0.0009332166666666656,0.0007518125000000013,0.0006011000000000008,0.0006772500000000006,0.0009311291666666676,0.0007675083333333336,0.0006868124999999996,0.0006758124999999997,0.0027892375000000006,0.0007212000000000004,0.0009696416666666672,0.0019272916666666666,0.000607100000000001,0.0009094333333333344,0.0006077624999999986,0.0008062374999999995,0.0006553833333333331,0.0009435666666666668,0.000818900000000001,0.0010748708333333337,0.0015564499999999992,0.0034809083333333327,0.0017289874999999993,0.000753679166666667,0.0003527208333333327,0.0030445416666666676,0.0013039583333333332,0.0029304499999999994,0.0030749124999999997,0.002325479166666665,0.003589841666666666,0.0019219874999999997,0.007340799999999999,0.004513504166666666,0.001360404166666668,0.0011013000000000012,0.0009377000000000007,0.002690562499999999,0.0031169541666666665,0.002503770833333335,1.1519648082658485e-19,0.0017109583333333323,0.0010743458333333342,0.004440883333333333,0.002851508333333333,2.4530074152484538e-18,0.002246179166666666,0.003878879166666665,0.0017217041666666673,1.2197274440461925e-19,0.0011566291666666663,0.0029450124999999975,0.0013590583333333334,0.0012695416666666664,0.0021652958333333344,0.004775079166666666,0.001954058333333333,0.0031448708333333335,0.0034861208333333326,0.0011815874999999995,0.0027476541666666653,0.0013737458333333331,0.0011322166666666658,0.004800137499999998,0.0022076833333333334,2.3852447794681098e-18,0.0020845541666666668,0.002307183333333334,0.0031714250000000007,0.002765454166666667,0.0027739291666666666,0.002541141666666667,0.0008341416666666664,0.0030531291666666648,8.809142651444724e-19
22:30:00,0.0006354833333333346,0.0032803999999999997,0.0029063166666666667,0.0008053166666666673,0.0007711333333333339,0.003211004166666666,0.002585558333333333,0.0009157208333333321,0.002895299999999999,0.0033070208333333333,0.0010759541666666673,0.0004441291666666657,0.0008672666666666673,0.0006065916666666668,0.0006666750000000012,0.0010734916666666659,0.0030902166666666665,0.0005259083333333343,0.0007745208333333332,0.0006289791666666666,0.002389212499999999,0.0009330666666666663,0.0016077499999999996,0.0035834458333333335,0.0005918291666666681,0.000825537499999999,0.000732754166666668,0.0008932125000000008,0.0019095625000000002,0.0010427291666666675,0.000509841666666667,0.0005629333333333329,0.0006923499999999997,0.0027217833333333338,0.000681679166666667,0.0014695875000000007,0.003053629166666666,0.0006455291666666677,0.0009759750000000011,0.0005187708333333319,0.002201454166666666,0.0007555916666666664,0.0009935291666666667,0.0008358416666666677,0.0010463500000000004,0.003824862499999999,0.0032385124999999996,0.0036921708333333327,0.0009550875000000003,0.000414804166666666,0.0029082083333333343,0.0011793541666666667,0.003454516666666666,0.002874520833333333,0.0022976333333333313,0.0022614749999999993,0.0016161374999999996,0.009965212499999999,0.003166975,0.0014832333333333347,0.002506075000000001,0.0009131916666666674,0.0024610541666666656,0.003185545833333333,0.003748287500000001,1.1519648082658485e-19,0.001502649999999999,0.0010258041666666674,0.005213466666666666,0.003583283333333333,0.0003968125000000024,0.002904449999999999,0.0031111583333333316,0.0018196500000000008,0.00015661250000000015,0.0010909166666666663,0.0031360291666666642,0.0011230625000000001,0.0013514333333333331,0.0027882333333333342,0.0046999875,0.0006654874999999997,0.0029862833333333338,0.004480687499999999,0.0013250249999999996,0.0024096041666666654,0.0016963,0.001089262499999999,0.004293508333333333,0.0033344875000000003,2.3852447794681098e-18,0.002063595833333334,0.002308208333333334,0.002915120833333334,0.002699600000000001,0.0021645333333333333,0.0020226416666666667,0.0009745916666666664,0.002681391666666665,8.809142651444724e-19
23:00:00,0.0008740333333333346,0.0005827208333333332,0.0027012375,0.000764070833333334,0.0007574666666666672,0.003092766666666666,0.002482779166666666,0.0008368958333333321,0.0026154041666666657,0.0031426291666666667,0.001044645833333334,0.0005021416666666657,0.0005630375000000006,0.0005936375000000001,0.0007936250000000011,0.0009948458333333325,0.002812983333333333,0.0005554541666666677,0.0010113166666666665,0.0006320791666666666,0.002815720833333332,0.000893495833333333,0.0004042291666666664,0.0037075958333333335,0.0027167625000000016,0.0008599124999999991,0.0021320416666666675,0.0010024250000000008,0.0029322416666666667,0.0008211541666666675,0.00036091250000000035,0.0006106291666666663,0.000643570833333333,0.0026473416666666673,0.000784541666666667,0.0035951250000000002,0.002887270833333333,0.000613425000000001,0.0007942791666666677,0.0006317833333333319,0.003382345833333333,0.0017938874999999996,0.0011863916666666667,0.0009119333333333343,0.0009881833333333337,0.0037482916666666654,0.0006539291666666664,0.0035741708333333327,0.0008537250000000003,0.000592041666666666,0.002529754166666668,0.0010820208333333333,0.004023229166666666,0.0025572791666666666,0.002140574999999998,0.0008749916666666663,0.001674108333333333,0.008115724999999999,0.003528995833333333,0.001479566666666668,0.0025552375000000007,0.0009662375000000008,0.0032007708333333324,0.003121783333333333,0.0033295875000000008,0.0025134666666666657,0.0013878166666666657,0.0010477166666666674,0.004213958333333333,0.004452304166666666,0.003711795833333336,0.003150570833333332,0.0018829833333333318,0.0032795541666666675,0.0028685624999999996,0.0018249416666666662,0.002392245833333331,0.0022366750000000005,0.0024365708333333328,0.002686820833333334,0.00477355,0.0006777291666666663,0.0038237041666666673,0.004952241666666666,0.0014949416666666664,0.0017952249999999986,0.0016281375000000002,0.0009297666666666657,0.003033741666666667,0.003178354166666667,0.0029615125000000027,0.0021858583333333338,0.0020807875000000003,0.0024960333333333335,0.0027925541666666675,0.0021839541666666667,0.0022227041666666664,0.0012738416666666665,0.0023689208333333316,8.809142651444724e-19
23:30:00,0.0007789583333333346,0.0003352958333333331,0.00039770000000000056,0.000796820833333334,0.0007614083333333339,0.0026965499999999994,0.0024953541666666666,0.0009560874999999988,0.0005031958333333329,0.003085075,0.0008378625000000007,0.0005728833333333323,0.0009489958333333339,0.0006844791666666669,0.003555820833333334,0.0031677791666666656,0.002660133333333333,0.0010080125000000008,0.0009929416666666665,0.0005649041666666665,0.0026600666666666654,0.0008560458333333329,0.00034233333333333305,0.0034435541666666667,0.0027572041666666684,0.0007842624999999992,0.0035781583333333346,0.002080720833333334,0.0028131625000000003,0.0008086625000000007,0.0003707708333333337,0.0006979916666666662,0.0017361666666666662,0.0023554958333333337,0.0012507583333333334,0.0033081666666666667,0.002773016666666666,0.0007185833333333344,0.0006848500000000011,0.002519704166666665,0.0033225374999999997,0.003568908333333333,0.0030679958333333333,0.0016271958333333334,0.0008853208333333336,0.003593070833333332,0.000665745833333333,0.003331154166666666,0.0009409333333333336,0.0005854583333333326,0.0020336750000000013,0.0010354625,0.0031950958333333327,0.0022725333333333333,0.001896874999999998,0.000746358333333333,0.002074820833333333,0.0058572458333333325,0.003962633333333333,0.0015672958333333346,0.0024694166666666675,0.0011548541666666675,0.003000412499999999,0.0032136416666666665,0.0028469416666666676,0.004765374999999999,0.0013054958333333323,0.0010784833333333341,0.003927933333333333,0.0043013708333333334,0.004962870833333336,0.0026496541666666653,0.0006217624999999987,0.0029642291666666675,0.0036114166666666664,0.004020412499999999,0.0008012874999999981,0.0039479375,0.0023541374999999994,0.0023778250000000005,0.003578933333333333,0.0006369541666666663,0.004807675,0.0036786166666666663,0.0013536666666666664,0.000527420833333332,0.0016140500000000001,0.002080745833333332,0.003161,0.002703075,0.0031781666666666694,0.003967716666666667,0.0017807833333333336,0.001419504166666667,0.0030342666666666675,0.0021625958333333336,0.002857033333333333,0.0014601624999999998,0.002450758333333332,0.0007169875000000006
